,elapsed_time,expansions,goal_tests,new_nodes,parameter,plan_length,problem,search,solution,repeated_action_pct,search_param
0,0.04544607998104766,43,56,180,,6,Air Cargo Problem 1,breadth_first_search,"['Load(C1, P1, SFO)', 'Load(C2, P2, JFK)', 'Fly(P2, JFK, SFO)', 'Unload(C2, P2, SFO)', 'Fly(P1, SFO, JFK)', 'Unload(C1, P1, JFK)']",0.0,"breadth_first
"
1,0.018362632021307945,21,22,84,,20,Air Cargo Problem 1,depth_first_graph_search,"['Fly(P1, SFO, JFK)', 'Fly(P2, JFK, SFO)', 'Load(C2, P1, JFK)', 'Fly(P1, JFK, SFO)', 'Fly(P2, SFO, JFK)', 'Unload(C2, P1, SFO)', 'Fly(P1, SFO, JFK)', 'Fly(P2, JFK, SFO)', 'Load(C2, P2, SFO)', 'Fly(P1, JFK, SFO)', 'Load(C1, P2, SFO)', 'Fly(P2, SFO, JFK)', 'Fly(P1, SFO, JFK)', 'Unload(C2, P2, JFK)', 'Unload(C1, P2, JFK)', 'Fly(P2, JFK, SFO)', 'Load(C2, P1, JFK)', 'Fly(P1, JFK, SFO)', 'Fly(P2, SFO, JFK)', 'Unload(C2, P1, SFO)']",0.5,"depth_first_graph
"
2,0.04736487800255418,55,57,224,,6,Air Cargo Problem 1,uniform_cost_search,"['Load(C1, P1, SFO)', 'Load(C2, P2, JFK)', 'Fly(P1, SFO, JFK)', 'Fly(P2, JFK, SFO)', 'Unload(C1, P1, JFK)', 'Unload(C2, P2, SFO)']",0.0,"uniform_cost
"
3,0.04846669698599726,55,57,224,h_1,6,Air Cargo Problem 1,astar_search,"['Load(C1, P1, SFO)', 'Load(C2, P2, JFK)', 'Fly(P1, SFO, JFK)', 'Fly(P2, JFK, SFO)', 'Unload(C1, P1, JFK)', 'Unload(C2, P2, SFO)']",0.0,"astar
h_1"
4,0.052120519045274705,41,43,170,h_ignore_preconditions,6,Air Cargo Problem 1,astar_search,"['Load(C1, P1, SFO)', 'Fly(P1, SFO, JFK)', 'Unload(C1, P1, JFK)', 'Load(C2, P2, JFK)', 'Fly(P2, JFK, SFO)', 'Unload(C2, P2, SFO)']",0.0,"astar
h_ignore_preconditions"
5,0.8042182629578747,11,13,50,h_pg_levelsum,6,Air Cargo Problem 1,astar_search,"['Load(C1, P1, SFO)', 'Fly(P1, SFO, JFK)', 'Load(C2, P2, JFK)', 'Fly(P2, JFK, SFO)', 'Unload(C1, P1, JFK)', 'Unload(C2, P2, SFO)']",0.0,"astar
h_pg_levelsum"
6,24.401551311952062,3373,4637,30262,,9,Air Cargo Problem 2,breadth_first_search,"['Load(C1, P1, SFO)', 'Load(C2, P2, JFK)', 'Load(C3, P3, ATL)', 'Fly(P3, ATL, SFO)', 'Unload(C3, P3, SFO)', 'Fly(P2, JFK, SFO)', 'Unload(C2, P2, SFO)', 'Fly(P1, SFO, JFK)', 'Unload(C1, P1, JFK)']",0.0,"breadth_first
"
7,11.728283695993014,1830,1831,15485,,861,Air Cargo Problem 2,depth_first_graph_search,"['Fly(P1, SFO, JFK)', 'Fly(P2, JFK, SFO)', 'Fly(P1, JFK, ATL)', 'Fly(P2, SFO, ATL)', 'Fly(P3, ATL, SFO)', 'Fly(P1, ATL, SFO)', 'Fly(P3, SFO, JFK)', 'Fly(P1, SFO, JFK)', 'Load(C3, P2, ATL)', 'Fly(P3, JFK, SFO)', 'Fly(P2, ATL, SFO)', 'Fly(P3, SFO, ATL)', 'Fly(P2, SFO, JFK)', 'Fly(P1, JFK, SFO)', 'Fly(P2, JFK, ATL)', 'Load(C1, P1, SFO)', 'Fly(P1, SFO, JFK)', 'Fly(P3, ATL, SFO)', 'Fly(P1, JFK, ATL)', 'Fly(P3, SFO, JFK)', 'Fly(P2, ATL, SFO)', 'Fly(P3, JFK, ATL)', 'Fly(P2, SFO, JFK)', 'Unload(C3, P2, JFK)', 'Fly(P2, JFK, SFO)', 'Fly(P3, ATL, SFO)', 'Fly(P2, SFO, ATL)', 'Fly(P3, SFO, JFK)', 'Fly(P1, ATL, SFO)', 'Fly(P3, JFK, ATL)', 'Fly(P1, SFO, JFK)', 'Unload(C1, P1, JFK)', 'Fly(P1, JFK, SFO)', 'Fly(P3, ATL, SFO)', 'Fly(P1, SFO, ATL)', 'Fly(P3, SFO, JFK)', 'Fly(P2, ATL, SFO)', 'Fly(P3, JFK, ATL)', 'Fly(P2, SFO, JFK)', 'Load(C3, P2, JFK)', 'Fly(P2, JFK, SFO)', 'Fly(P3, ATL, SFO)', 'Fly(P2, SFO, ATL)', 'Fly(P3, SFO, JFK)', 'Fly(P1, ATL, SFO)', 'Fly(P3, JFK, ATL)', 'Unload(C3, P2, ATL)', 'Fly(P1, SFO, JFK)', 'Fly(P3, ATL, SFO)', 'Fly(P2, ATL, SFO)', 'Fly(P3, SFO, JFK)', 'Fly(P2, SFO, JFK)', 'Fly(P1, JFK, SFO)', 'Fly(P3, JFK, SFO)', 'Fly(P1, SFO, ATL)', 'Fly(P3, SFO, ATL)', 'Fly(P2, JFK, SFO)', 'Load(C3, P3, ATL)', 'Fly(P2, SFO, ATL)', 'Fly(P3, ATL, SFO)', 'Fly(P1, ATL, SFO)', 'Fly(P3, SFO, JFK)', 'Fly(P1, SFO, JFK)', 'Fly(P2, ATL, SFO)', 'Fly(P3, JFK, SFO)', 'Fly(P2, SFO, JFK)', 'Fly(P3, SFO, ATL)', 'Fly(P1, JFK, SFO)', 'Load(C2, P2, JFK)', 'Fly(P1, SFO, ATL)', 'Fly(P2, JFK, SFO)', 'Fly(P3, ATL, SFO)', 'Fly(P2, SFO, ATL)', 'Fly(P3, SFO, JFK)', 'Fly(P1, ATL, SFO)', 'Fly(P2, ATL, SFO)', 'Fly(P1, SFO, JFK)', 'Fly(P2, SFO, JFK)', 'Unload(C3, P3, JFK)', 'Fly(P3, JFK, SFO)', 'Fly(P2, JFK, SFO)', 'Fly(P3, SFO, ATL)', 'Fly(P2, SFO, ATL)', 'Fly(P1, JFK, SFO)', 'Fly(P3, ATL, SFO)', 'Fly(P1, SFO, ATL)', 'Unload(C2, P2, ATL)', 'Fly(P3, SFO, JFK)', 'Fly(P2, ATL, SFO)', 'Fly(P3, JFK, ATL)', 'Fly(P2, SFO, JFK)', 'Fly(P1, ATL, SFO)', 'Fly(P3, ATL, SFO)', 'Fly(P1, SFO, JFK)', 'Fly(P3, SFO, JFK)', 'Load(C3, P3, JFK)', 'Fly(P3, JFK, SFO)', 'Fly(P2, JFK, SFO)', 'Fly(P3, SFO, ATL)', 'Fly(P2, SFO, ATL)', 'Fly(P1, JFK, SFO)', 'Fly(P3, ATL, SFO)', 'Unload(C3, P3, SFO)', 'Fly(P3, SFO, JFK)', 'Fly(P1, SFO, JFK)', 'Fly(P3, JFK, ATL)', 'Fly(P1, JFK, ATL)', 'Fly(P2, ATL, SFO)', 'Fly(P3, ATL, SFO)', 'Fly(P2, SFO, JFK)', 'Fly(P3, SFO, JFK)', 'Load(C2, P1, ATL)', 'Fly(P2, JFK, SFO)', 'Fly(P1, ATL, SFO)', 'Fly(P2, SFO, ATL)', 'Fly(P1, SFO, JFK)', 'Fly(P3, JFK, SFO)', 'Fly(P1, JFK, ATL)', 'Load(C3, P3, SFO)', 'Fly(P3, SFO, JFK)', 'Fly(P2, ATL, SFO)', 'Fly(P3, JFK, ATL)', 'Fly(P2, SFO, JFK)', 'Fly(P1, ATL, SFO)', 'Fly(P2, JFK, ATL)', 'Fly(P1, SFO, JFK)', 'Load(C1, P1, JFK)', 'Fly(P1, JFK, SFO)', 'Fly(P3, ATL, SFO)', 'Fly(P1, SFO, ATL)', 'Fly(P3, SFO, JFK)', 'Fly(P2, ATL, SFO)', 'Fly(P3, JFK, ATL)', 'Fly(P2, SFO, JFK)', 'Unload(C3, P3, ATL)', 'Fly(P2, JFK, ATL)', 'Fly(P3, ATL, SFO)', 'Fly(P2, ATL, SFO)', 'Fly(P3, SFO, JFK)', 'Fly(P1, ATL, SFO)', 'Fly(P2, SFO, JFK)', 'Fly(P1, SFO, JFK)', 'Fly(P3, JFK, SFO)', 'Unload(C2, P1, JFK)', 'Fly(P3, SFO, ATL)', 'Fly(P2, JFK, SFO)', 'Fly(P1, JFK, SFO)', 'Fly(P3, ATL, SFO)', 'Fly(P1, SFO, ATL)', 'Fly(P3, SFO, JFK)', 'Fly(P2, SFO, JFK)', 'Fly(P1, ATL, SFO)', 'Load(C2, P2, JFK)', 'Fly(P1, SFO, JFK)', 'Fly(P2, JFK, SFO)', 'Fly(P3, JFK, SFO)', 'Fly(P2, SFO, ATL)', 'Fly(P3, SFO, ATL)', 'Fly(P1, JFK, SFO)', 'Fly(P2, ATL, SFO)', 'Fly(P1, SFO, ATL)', 'Fly(P2, SFO, JFK)', 'Fly(P3, ATL, SFO)', 'Unload(C1, P1, ATL)', 'Fly(P3, SFO, JFK)', 'Fly(P2, JFK, SFO)', 'Fly(P1, ATL, SFO)', 'Fly(P2, SFO, ATL)', 'Fly(P1, SFO, JFK)', 'Fly(P3, JFK, SFO)', 'Fly(P2, ATL, SFO)', 'Fly(P3, SFO, ATL)', 'Fly(P2, SFO, JFK)', 'Fly(P1, JFK, SFO)', 'Unload(C2, P2, JFK)', 'Fly(P1, SFO, ATL)', 'Fly(P2, JFK, SFO)', 'Fly(P1, ATL, JFK)', 'Fly(P2, SFO, ATL)', 'Fly(P3, ATL, SFO)', 'Fly(P1, JFK, SFO)', 'Fly(P3, SFO, JFK)', 'Fly(P1, SFO, ATL)', 'Load(C3, P1, ATL)', 'Fly(P3, JFK, SFO)', 'Fly(P2, ATL, SFO)', 'Fly(P1, ATL, SFO)', 'Fly(P3, SFO, JFK)', 'Fly(P2, SFO, JFK)', 'Fly(P1, SFO, JFK)', 'Fly(P3, JFK, SFO)', 'Unload(C3, P1, JFK)', 'Fly(P3, SFO, ATL)', 'Fly(P2, JFK, SFO)', 'Fly(P1, JFK, SFO)', 'Fly(P2, SFO, ATL)', 'Fly(P1, SFO, ATL)', 'Load(C1, P3, ATL)', 'Fly(P3, ATL, SFO)', 'Fly(P2, ATL, SFO)', 'Fly(P1, ATL, SFO)', 'Fly(P3, SFO, JFK)', 'Fly(P2, SFO, JFK)', 'Fly(P1, SFO, JFK)', 'Fly(P3, JFK, SFO)', 'Unload(C1, P3, SFO)', 'Fly(P3, SFO, JFK)', 'Fly(P2, JFK, SFO)', 'Fly(P1, JFK, SFO)', 'Fly(P3, JFK, ATL)', 'Fly(P1, SFO, ATL)', 'Fly(P2, SFO, JFK)', 'Load(C2, P2, JFK)', 'Fly(P2, JFK, SFO)', 'Fly(P3, ATL, SFO)', 'Fly(P2, SFO, ATL)', 'Fly(P3, SFO, JFK)', 'Fly(P1, ATL, SFO)', 'Fly(P3, JFK, ATL)', 'Fly(P1, SFO, JFK)', 'Unload(C2, P2, ATL)', 'Fly(P1, JFK, ATL)', 'Fly(P2, ATL, SFO)', 'Fly(P3, ATL, SFO)', 'Fly(P2, SFO, JFK)', 'Fly(P3, SFO, JFK)', 'Fly(P1, ATL, SFO)', 'Fly(P2, JFK, SFO)', 'Fly(P1, SFO, JFK)', 'Load(C3, P3, JFK)', 'Fly(P2, SFO, JFK)', 'Fly(P3, JFK, SFO)', 'Fly(P1, JFK, SFO)', 'Fly(P3, SFO, ATL)', 'Fly(P1, SFO, ATL)', 'Fly(P2, JFK, SFO)', 'Fly(P3, ATL, SFO)', 'Fly(P2, SFO, ATL)', 'Fly(P3, SFO, JFK)', 'Fly(P1, ATL, SFO)', 'Load(C1, P1, SFO)', 'Fly(P1, SFO, JFK)', 'Fly(P3, JFK, SFO)', 'Unload(C3, P3, SFO)', 'Fly(P1, JFK, SFO)', 'Fly(P3, SFO, JFK)', 'Fly(P1, SFO, ATL)', 'Fly(P3, JFK, ATL)', 'Fly(P2, ATL, SFO)', 'Fly(P3, ATL, SFO)', 'Fly(P2, SFO, JFK)', 'Unload(C1, P1, ATL)', 'Fly(P3, SFO, JFK)', 'Fly(P2, JFK, SFO)', 'Fly(P1, ATL, SFO)', 'Fly(P2, SFO, ATL)', 'Fly(P1, SFO, JFK)', 'Fly(P3, JFK, SFO)', 'Fly(P2, ATL, SFO)', 'Fly(P3, SFO, ATL)', 'Fly(P2, SFO, JFK)', 'Fly(P1, JFK, SFO)', 'Load(C3, P1, SFO)', 'Fly(P1, SFO, JFK)', 'Fly(P2, JFK, SFO)', 'Fly(P1, JFK, ATL)', 'Fly(P2, SFO, ATL)', 'Fly(P3, ATL, SFO)', 'Fly(P1, ATL, SFO)', 'Load(C2, P2, ATL)', 'Fly(P3, SFO, JFK)', 'Fly(P1, SFO, JFK)', 'Fly(P3, JFK, ATL)', 'Fly(P2, ATL, SFO)', 'Fly(P1, JFK, SFO)', 'Fly(P2, SFO, JFK)', 'Fly(P1, SFO, ATL)', 'Load(C1, P3, ATL)', 'Fly(P2, JFK, SFO)', 'Fly(P3, ATL, SFO)', 'Fly(P2, SFO, ATL)', 'Fly(P3, SFO, JFK)', 'Fly(P1, ATL, SFO)', 'Fly(P3, JFK, ATL)', 'Unload(C3, P1, SFO)', 'Fly(P1, SFO, JFK)', 'Fly(P3, ATL, SFO)', 'Fly(P1, JFK, ATL)', 'Fly(P3, SFO, JFK)', 'Fly(P2, ATL, SFO)', 'Fly(P3, JFK, ATL)', 'Fly(P2, SFO, JFK)', 'Unload(C2, P2, JFK)', 'Fly(P2, JFK, SFO)', 'Fly(P3, ATL, SFO)', 'Fly(P2, SFO, ATL)', 'Fly(P3, SFO, JFK)', 'Fly(P1, ATL, SFO)', 'Fly(P3, JFK, ATL)', 'Fly(P1, SFO, JFK)', 'Unload(C1, P3, ATL)', 'Fly(P1, JFK, ATL)', 'Fly(P3, ATL, SFO)', 'Fly(P2, ATL, SFO)', 'Fly(P3, SFO, JFK)', 'Fly(P2, SFO, JFK)', 'Fly(P1, ATL, JFK)', 'Fly(P3, JFK, SFO)', 'Fly(P1, JFK, SFO)', 'Fly(P3, SFO, ATL)', 'Fly(P2, JFK, SFO)', 'Load(C3, P2, SFO)', 'Fly(P2, SFO, JFK)', 'Fly(P3, ATL, SFO)', 'Fly(P1, SFO, ATL)', 'Fly(P3, SFO, JFK)', 'Fly(P1, ATL, JFK)', 'Fly(P2, JFK, SFO)', 'Fly(P3, JFK, SFO)', 'Load(C2, P1, JFK)', 'Fly(P2, SFO, JFK)', 'Fly(P3, SFO, ATL)', 'Fly(P1, JFK, SFO)', 'Fly(P2, JFK, SFO)', 'Fly(P1, SFO, ATL)', 'Fly(P2, SFO, ATL)', 'Fly(P3, ATL, SFO)', 'Fly(P1, ATL, SFO)', 'Fly(P3, SFO, JFK)', 'Fly(P1, SFO, JFK)', 'Unload(C3, P2, ATL)', 'Fly(P1, JFK, ATL)', 'Fly(P2, ATL, JFK)', 'Fly(P3, JFK, SFO)', 'Fly(P1, ATL, SFO)', 'Fly(P3, SFO, ATL)', 'Fly(P1, SFO, JFK)', 'Load(C3, P3, ATL)', 'Fly(P2, JFK, SFO)', 'Fly(P1, JFK, SFO)', 'Fly(P2, SFO, ATL)', 'Fly(P1, SFO, ATL)', 'Unload(C2, P1, ATL)', 'Fly(P3, ATL, SFO)', 'Fly(P2, ATL, SFO)', 'Fly(P3, SFO, JFK)', 'Fly(P2, SFO, JFK)', 'Fly(P1, ATL, SFO)', 'Fly(P3, JFK, SFO)', 'Fly(P1, SFO, JFK)', 'Fly(P3, SFO, ATL)', 'Fly(P2, JFK, SFO)', 'Fly(P1, JFK, SFO)', 'Unload(C3, P3, ATL)', 'Fly(P2, SFO, JFK)', 'Fly(P1, SFO, ATL)', 'Load(C1, P3, ATL)', 'Fly(P2, JFK, SFO)', 'Fly(P3, ATL, SFO)', 'Fly(P2, SFO, ATL)', 'Fly(P3, SFO, JFK)', 'Fly(P1, ATL, SFO)', 'Fly(P3, JFK, ATL)', 'Fly(P1, SFO, JFK)', 'Unload(C1, P3, ATL)', 'Load(C3, P2, ATL)', 'Fly(P1, JFK, SFO)', 'Fly(P3, ATL, SFO)', 'Fly(P2, ATL, SFO)', 'Fly(P1, SFO, ATL)', 'Fly(P2, SFO, JFK)', 'Fly(P3, SFO, JFK)', 'Fly(P2, JFK, ATL)', 'Load(C2, P2, ATL)', 'Fly(P3, JFK, SFO)', 'Fly(P2, ATL, SFO)', 'Fly(P3, SFO, ATL)', 'Fly(P2, SFO, JFK)', 'Fly(P1, ATL, JFK)', 'Load(C1, P3, ATL)', 'Fly(P2, JFK, SFO)', 'Fly(P1, JFK, SFO)', 'Fly(P2, SFO, ATL)', 'Fly(P1, SFO, ATL)', 'Fly(P3, ATL, SFO)', 'Fly(P2, ATL, SFO)', 'Unload(C2, P2, SFO)', 'Fly(P3, SFO, JFK)', 'Fly(P2, SFO, JFK)', 'Fly(P3, JFK, ATL)', 'Fly(P2, JFK, ATL)', 'Fly(P1, ATL, SFO)', 'Fly(P3, ATL, SFO)', 'Fly(P1, SFO, JFK)', 'Fly(P3, SFO, JFK)', 'Unload(C3, P2, ATL)', 'Fly(P1, JFK, SFO)', 'Fly(P2, ATL, SFO)', 'Fly(P1, SFO, ATL)', 'Fly(P2, SFO, JFK)', 'Fly(P3, JFK, SFO)', 'Fly(P2, JFK, ATL)', 'Unload(C1, P3, SFO)', 'Fly(P3, SFO, JFK)', 'Fly(P2, ATL, SFO)', 'Fly(P3, JFK, ATL)', 'Fly(P2, SFO, JFK)', 'Fly(P1, ATL, SFO)', 'Fly(P2, JFK, ATL)', 'Fly(P1, SFO, JFK)', 'Load(C3, P3, ATL)', 'Fly(P1, JFK, ATL)', 'Fly(P3, ATL, SFO)', 'Fly(P2, ATL, SFO)', 'Fly(P3, SFO, JFK)', 'Fly(P2, SFO, JFK)', 'Fly(P1, ATL, SFO)', 'Fly(P3, JFK, SFO)', 'Fly(P1, SFO, JFK)', 'Unload(C3, P3, SFO)', 'Fly(P3, SFO, JFK)', 'Fly(P2, JFK, SFO)', 'Fly(P1, JFK, SFO)', 'Fly(P2, SFO, ATL)', 'Fly(P1, SFO, ATL)', 'Fly(P3, JFK, ATL)', 'Fly(P2, ATL, SFO)', 'Load(C3, P2, SFO)', 'Fly(P2, SFO, JFK)', 'Fly(P3, ATL, SFO)', 'Fly(P1, ATL, SFO)', 'Fly(P3, SFO, JFK)', 'Fly(P1, SFO, JFK)', 'Unload(C3, P2, JFK)', 'Fly(P3, JFK, SFO)', 'Fly(P2, JFK, SFO)', 'Fly(P3, SFO, ATL)', 'Fly(P2, SFO, ATL)', 'Fly(P1, JFK, SFO)', 'Fly(P3, ATL, SFO)', 'Fly(P1, SFO, ATL)', 'Load(C1, P3, SFO)', 'Fly(P3, SFO, JFK)', 'Fly(P2, ATL, SFO)', 'Fly(P3, JFK, ATL)', 'Fly(P1, ATL, SFO)', 'Fly(P2, SFO, JFK)', 'Fly(P1, SFO, JFK)', 'Fly(P2, JFK, ATL)', 'Unload(C1, P3, ATL)', 'Fly(P1, JFK, SFO)', 'Fly(P3, ATL, SFO)', 'Fly(P1, SFO, ATL)', 'Fly(P3, SFO, JFK)', 'Fly(P2, ATL, SFO)', 'Fly(P1, ATL, SFO)', 'Fly(P2, SFO, JFK)', 'Fly(P1, SFO, JFK)', 'Fly(P3, JFK, SFO)', 'Fly(P2, JFK, SFO)', 'Load(C3, P1, JFK)', 'Fly(P3, SFO, JFK)', 'Fly(P2, SFO, ATL)', 'Fly(P1, JFK, SFO)', 'Fly(P3, JFK, SFO)', 'Fly(P1, SFO, ATL)', 'Fly(P3, SFO, ATL)', 'Fly(P2, ATL, SFO)', 'Unload(C3, P1, ATL)', 'Fly(P2, SFO, JFK)', 'Fly(P3, ATL, SFO)', 'Fly(P1, ATL, JFK)', 'Fly(P3, SFO, JFK)', 'Fly(P1, JFK, SFO)', 'Fly(P2, JFK, ATL)', 'Fly(P1, SFO, ATL)', 'Load(C3, P2, ATL)', 'Fly(P3, JFK, SFO)', 'Fly(P2, ATL, JFK)', 'Fly(P1, ATL, SFO)', 'Fly(P2, JFK, SFO)', 'Fly(P3, SFO, JFK)', 'Fly(P1, SFO, JFK)', 'Fly(P3, JFK, ATL)', 'Fly(P2, SFO, ATL)', 'Unload(C3, P2, ATL)', 'Load(C3, P3, ATL)', 'Fly(P1, JFK, ATL)', 'Fly(P3, ATL, SFO)', 'Fly(P2, ATL, SFO)', 'Fly(P1, ATL, SFO)', 'Fly(P2, SFO, JFK)', 'Fly(P1, SFO, JFK)', 'Unload(C3, P3, SFO)', 'Fly(P3, SFO, JFK)', 'Fly(P1, JFK, SFO)', 'Fly(P3, JFK, ATL)', 'Fly(P1, SFO, ATL)', 'Fly(P2, JFK, SFO)', 'Fly(P3, ATL, JFK)', 'Fly(P2, SFO, ATL)', 'Load(C1, P2, ATL)', 'Fly(P3, JFK, SFO)', 'Fly(P2, ATL, SFO)', 'Fly(P1, ATL, SFO)', 'Fly(P2, SFO, JFK)', 'Fly(P3, SFO, JFK)', 'Fly(P1, SFO, JFK)', 'Fly(P3, JFK, ATL)', 'Fly(P2, JFK, SFO)', 'Load(C3, P2, SFO)', 'Fly(P2, SFO, JFK)', 'Fly(P1, JFK, SFO)', 'Fly(P2, JFK, ATL)', 'Fly(P1, SFO, ATL)', 'Unload(C3, P2, ATL)', 'Fly(P3, ATL, SFO)', 'Fly(P2, ATL, SFO)', 'Fly(P1, ATL, SFO)', 'Fly(P3, SFO, JFK)', 'Fly(P2, SFO, JFK)', 'Fly(P1, SFO, JFK)', 'Fly(P3, JFK, SFO)', 'Unload(C1, P2, JFK)', 'Fly(P3, SFO, ATL)', 'Fly(P2, JFK, SFO)', 'Fly(P1, JFK, SFO)', 'Fly(P2, SFO, ATL)', 'Fly(P1, SFO, ATL)', 'Fly(P3, ATL, SFO)', 'Fly(P2, ATL, SFO)', 'Load(C3, P1, ATL)', 'Fly(P3, SFO, JFK)', 'Fly(P2, SFO, JFK)', 'Fly(P3, JFK, ATL)', 'Fly(P1, ATL, SFO)', 'Fly(P2, JFK, SFO)', 'Fly(P1, SFO, JFK)', 'Fly(P2, SFO, ATL)', 'Fly(P3, ATL, SFO)', 'Fly(P1, JFK, SFO)', 'Fly(P3, SFO, JFK)', 'Load(C1, P3, JFK)', 'Fly(P1, SFO, JFK)', 'Fly(P3, JFK, SFO)', 'Fly(P2, ATL, SFO)', 'Fly(P3, SFO, ATL)', 'Fly(P1, JFK, SFO)', 'Fly(P2, SFO, JFK)', 'Fly(P3, ATL, SFO)', 'Unload(C3, P1, SFO)', 'Fly(P3, SFO, JFK)', 'Fly(P1, SFO, JFK)', 'Fly(P2, JFK, SFO)', 'Fly(P3, JFK, SFO)', 'Fly(P2, SFO, ATL)', 'Fly(P3, SFO, ATL)', 'Fly(P1, JFK, SFO)', 'Load(C2, P1, SFO)', 'Fly(P1, SFO, ATL)', 'Fly(P3, ATL, SFO)', 'Fly(P2, ATL, SFO)', 'Fly(P1, ATL, SFO)', 'Unload(C1, P3, SFO)', 'Fly(P2, SFO, JFK)', 'Fly(P3, SFO, JFK)', 'Fly(P1, SFO, JFK)', 'Fly(P2, JFK, SFO)', 'Fly(P3, JFK, ATL)', 'Fly(P2, SFO, ATL)', 'Fly(P1, JFK, SFO)', 'Load(C3, P1, SFO)', 'Fly(P1, SFO, JFK)', 'Fly(P3, ATL, SFO)', 'Fly(P1, JFK, ATL)', 'Fly(P3, SFO, JFK)', 'Fly(P2, ATL, SFO)', 'Fly(P3, JFK, ATL)', 'Fly(P2, SFO, JFK)', 'Unload(C3, P1, ATL)', 'Fly(P2, JFK, ATL)', 'Fly(P1, ATL, JFK)', 'Fly(P3, ATL, SFO)', 'Fly(P1, JFK, SFO)', 'Fly(P3, SFO, JFK)', 'Load(C3, P2, ATL)', 'Fly(P1, SFO, ATL)', 'Fly(P3, JFK, SFO)', 'Fly(P2, ATL, SFO)', 'Fly(P3, SFO, ATL)', 'Fly(P2, SFO, JFK)', 'Fly(P1, ATL, SFO)', 'Unload(C3, P2, JFK)', 'Fly(P1, SFO, JFK)', 'Fly(P2, JFK, SFO)', 'Fly(P3, ATL, SFO)', 'Fly(P1, JFK, SFO)', 'Fly(P3, SFO, JFK)', 'Fly(P2, SFO, ATL)', 'Fly(P1, SFO, JFK)', 'Load(C3, P3, JFK)', 'Fly(P3, JFK, SFO)', 'Fly(P2, ATL, SFO)', 'Fly(P3, SFO, ATL)', 'Fly(P1, JFK, SFO)', 'Unload(C3, P3, ATL)', 'Load(C1, P2, SFO)', 'Fly(P2, SFO, JFK)', 'Fly(P1, SFO, JFK)', 'Fly(P2, JFK, ATL)', 'Fly(P1, JFK, ATL)', 'Fly(P3, ATL, SFO)', 'Fly(P2, ATL, SFO)', 'Fly(P3, SFO, JFK)', 'Fly(P2, SFO, JFK)', 'Unload(C2, P1, ATL)', 'Fly(P3, JFK, SFO)', 'Fly(P1, ATL, SFO)', 'Fly(P3, SFO, ATL)', 'Fly(P1, SFO, JFK)', 'Fly(P2, JFK, SFO)', 'Fly(P1, JFK, ATL)', 'Load(C3, P1, ATL)', 'Fly(P2, SFO, JFK)', 'Fly(P1, ATL, SFO)', 'Fly(P2, JFK, ATL)', 'Fly(P1, SFO, JFK)', 'Fly(P3, ATL, SFO)', 'Fly(P2, ATL, SFO)', 'Fly(P3, SFO, JFK)', 'Fly(P1, JFK, SFO)', 'Unload(C3, P1, SFO)', 'Fly(P2, SFO, JFK)', 'Fly(P1, SFO, JFK)', 'Fly(P3, JFK, SFO)', 'Fly(P2, JFK, SFO)', 'Fly(P3, SFO, ATL)', 'Fly(P2, SFO, ATL)', 'Fly(P1, JFK, ATL)', 'Fly(P3, ATL, SFO)', 'Fly(P1, ATL, SFO)', 'Load(C3, P3, SFO)', 'Fly(P3, SFO, JFK)', 'Fly(P1, SFO, JFK)', 'Fly(P3, JFK, ATL)', 'Load(C2, P2, ATL)', 'Fly(P1, JFK, SFO)', 'Fly(P2, ATL, SFO)', 'Fly(P1, SFO, ATL)', 'Fly(P3, ATL, SFO)', 'Fly(P2, SFO, JFK)', 'Fly(P3, SFO, JFK)', 'Fly(P2, JFK, ATL)', 'Unload(C3, P3, JFK)', 'Fly(P3, JFK, SFO)', 'Fly(P1, ATL, SFO)', 'Fly(P3, SFO, ATL)', 'Fly(P1, SFO, JFK)', 'Fly(P2, ATL, SFO)', 'Fly(P3, ATL, SFO)', 'Load(C3, P1, JFK)', 'Fly(P3, SFO, JFK)', 'Fly(P2, SFO, JFK)', 'Fly(P1, JFK, SFO)', 'Fly(P3, JFK, SFO)', 'Fly(P1, SFO, ATL)', 'Fly(P3, SFO, ATL)', 'Fly(P2, JFK, SFO)', 'Fly(P1, ATL, SFO)', 'Unload(C3, P1, SFO)', 'Fly(P2, SFO, JFK)', 'Fly(P1, SFO, JFK)', 'Fly(P3, ATL, SFO)', 'Fly(P2, JFK, SFO)', 'Fly(P3, SFO, JFK)', 'Fly(P2, SFO, ATL)', 'Fly(P1, JFK, ATL)', 'Fly(P2, ATL, JFK)', 'Unload(C2, P2, JFK)', 'Fly(P3, JFK, SFO)', 'Fly(P2, JFK, SFO)', 'Fly(P3, SFO, ATL)', 'Fly(P1, ATL, SFO)', 'Fly(P2, SFO, ATL)', 'Fly(P3, ATL, SFO)', 'Fly(P1, SFO, JFK)', 'Fly(P3, SFO, JFK)', 'Fly(P2, ATL, SFO)', 'Load(C3, P2, SFO)', 'Fly(P2, SFO, JFK)', 'Fly(P3, JFK, SFO)', 'Fly(P1, JFK, SFO)', 'Fly(P3, SFO, ATL)', 'Fly(P2, JFK, ATL)', 'Fly(P1, SFO, ATL)', 'Fly(P3, ATL, SFO)', 'Unload(C3, P2, ATL)', 'Fly(P2, ATL, SFO)', 'Fly(P3, SFO, JFK)', 'Fly(P2, SFO, JFK)', 'Load(C3, P1, ATL)', 'Unload(C1, P2, JFK)', 'Fly(P2, JFK, SFO)', 'Fly(P3, JFK, SFO)', 'Fly(P2, SFO, ATL)', 'Fly(P3, SFO, ATL)', 'Fly(P1, ATL, SFO)', 'Fly(P2, ATL, SFO)', 'Fly(P1, SFO, JFK)', 'Fly(P2, SFO, JFK)', 'Fly(P3, ATL, SFO)', 'Fly(P1, JFK, SFO)', 'Unload(C3, P1, SFO)', 'Fly(P3, SFO, JFK)', 'Fly(P1, SFO, JFK)', 'Fly(P2, JFK, SFO)', 'Fly(P3, JFK, ATL)', 'Fly(P2, SFO, ATL)', 'Fly(P1, JFK, ATL)', 'Fly(P2, ATL, JFK)', 'Load(C2, P2, JFK)', 'Fly(P2, JFK, SFO)', 'Fly(P1, ATL, SFO)', 'Fly(P2, SFO, ATL)', 'Load(C3, P1, SFO)', 'Fly(P1, SFO, ATL)', 'Fly(P3, ATL, SFO)', 'Fly(P1, ATL, JFK)', 'Fly(P3, SFO, JFK)', 'Fly(P2, ATL, SFO)', 'Load(C1, P3, JFK)', 'Fly(P2, SFO, JFK)', 'Fly(P3, JFK, SFO)', 'Fly(P1, JFK, SFO)', 'Unload(C3, P1, SFO)', 'Fly(P2, JFK, SFO)', 'Unload(C1, P3, SFO)', 'Fly(P2, SFO, ATL)', 'Fly(P3, SFO, JFK)', 'Fly(P1, SFO, JFK)', 'Fly(P3, JFK, ATL)', 'Fly(P1, JFK, ATL)', 'Fly(P2, ATL, JFK)', 'Fly(P3, ATL, SFO)', 'Fly(P1, ATL, JFK)', 'Unload(C2, P2, JFK)', 'Fly(P3, SFO, ATL)', 'Fly(P1, JFK, SFO)', 'Fly(P2, JFK, ATL)', 'Fly(P1, SFO, ATL)', 'Fly(P3, ATL, JFK)', 'Fly(P2, ATL, SFO)', 'Fly(P1, ATL, SFO)', 'Fly(P3, JFK, SFO)', 'Load(C3, P3, SFO)', 'Fly(P2, SFO, JFK)', 'Fly(P3, SFO, JFK)', 'Fly(P1, SFO, ATL)', 'Fly(P2, JFK, SFO)', 'Load(C1, P2, SFO)', 'Fly(P2, SFO, ATL)', 'Fly(P3, JFK, ATL)', 'Fly(P1, ATL, SFO)', 'Fly(P2, ATL, SFO)', 'Unload(C3, P3, ATL)', 'Fly(P2, SFO, JFK)', 'Load(C2, P2, JFK)', 'Fly(P1, SFO, JFK)', 'Fly(P2, JFK, SFO)', 'Fly(P3, ATL, SFO)', 'Unload(C1, P2, SFO)', 'Fly(P3, SFO, JFK)', 'Fly(P2, SFO, JFK)', 'Fly(P1, JFK, ATL)', 'Fly(P3, JFK, SFO)', 'Fly(P2, JFK, ATL)', 'Fly(P3, SFO, ATL)', 'Fly(P1, ATL, JFK)', 'Unload(C2, P2, ATL)', 'Fly(P1, JFK, SFO)', 'Fly(P3, ATL, SFO)', 'Fly(P2, ATL, SFO)', 'Fly(P3, SFO, JFK)', 'Fly(P2, SFO, JFK)', 'Fly(P1, SFO, JFK)', 'Fly(P3, JFK, SFO)', 'Fly(P1, JFK, ATL)', 'Load(C3, P1, ATL)', 'Fly(P3, SFO, JFK)', 'Fly(P1, ATL, SFO)', 'Fly(P3, JFK, ATL)', 'Fly(P2, JFK, SFO)', 'Fly(P3, ATL, SFO)', 'Fly(P2, SFO, ATL)', 'Fly(P1, SFO, JFK)', 'Fly(P3, SFO, JFK)', 'Load(C2, P2, ATL)', 'Fly(P1, JFK, ATL)', 'Fly(P2, ATL, SFO)', 'Fly(P1, ATL, SFO)', 'Fly(P2, SFO, JFK)', 'Fly(P3, JFK, ATL)', 'Fly(P1, SFO, JFK)', 'Unload(C2, P2, JFK)', 'Fly(P2, JFK, SFO)', 'Fly(P1, JFK, SFO)', 'Load(C1, P1, SFO)', 'Fly(P2, SFO, JFK)', 'Fly(P1, SFO, ATL)', 'Fly(P2, JFK, ATL)', 'Unload(C3, P1, ATL)', 'Load(C3, P3, ATL)', 'Fly(P3, ATL, SFO)', 'Fly(P2, ATL, SFO)', 'Fly(P3, SFO, JFK)', 'Fly(P2, SFO, JFK)', 'Fly(P1, ATL, JFK)', 'Unload(C3, P3, JFK)', 'Fly(P3, JFK, SFO)', 'Fly(P1, JFK, SFO)', 'Load(C3, P2, JFK)', 'Fly(P3, SFO, JFK)', 'Load(C2, P2, JFK)', 'Fly(P1, SFO, JFK)', 'Fly(P3, JFK, SFO)', 'Fly(P2, JFK, SFO)', 'Fly(P3, SFO, ATL)', 'Fly(P1, JFK, SFO)', 'Unload(C3, P2, SFO)', 'Fly(P2, SFO, JFK)', 'Fly(P1, SFO, JFK)', 'Fly(P2, JFK, ATL)', 'Fly(P3, ATL, JFK)', 'Fly(P2, ATL, SFO)', 'Fly(P1, JFK, ATL)', 'Fly(P2, SFO, JFK)', 'Fly(P3, JFK, SFO)', 'Fly(P2, JFK, ATL)', 'Load(C3, P3, SFO)', 'Fly(P3, SFO, JFK)', 'Fly(P2, ATL, SFO)', 'Fly(P1, ATL, SFO)', 'Fly(P2, SFO, JFK)', 'Fly(P3, JFK, SFO)', 'Fly(P1, SFO, JFK)', 'Fly(P3, SFO, ATL)', 'Fly(P2, JFK, SFO)', 'Unload(C2, P2, SFO)', 'Fly(P2, SFO, JFK)', 'Fly(P1, JFK, ATL)', 'Fly(P3, ATL, SFO)', 'Unload(C3, P3, SFO)', 'Fly(P3, SFO, JFK)', 'Fly(P1, ATL, SFO)', 'Fly(P3, JFK, ATL)', 'Fly(P1, SFO, JFK)', 'Fly(P2, JFK, SFO)', 'Fly(P3, ATL, SFO)', 'Fly(P2, SFO, ATL)', 'Fly(P3, SFO, JFK)', 'Unload(C1, P1, JFK)']",0.9314750290360047,"depth_first_graph
"
8,15.784878777049016,4742,4744,42241,,9,Air Cargo Problem 2,uniform_cost_search,"['Load(C1, P1, SFO)', 'Load(C2, P2, JFK)', 'Load(C3, P3, ATL)', 'Fly(P1, SFO, JFK)', 'Fly(P2, JFK, SFO)', 'Fly(P3, ATL, SFO)', 'Unload(C1, P1, JFK)', 'Unload(C2, P2, SFO)', 'Unload(C3, P3, SFO)']",0.0,"uniform_cost
"
9,15.537639026995748,4742,4744,42241,h_1,9,Air Cargo Problem 2,astar_search,"['Load(C1, P1, SFO)', 'Load(C2, P2, JFK)', 'Load(C3, P3, ATL)', 'Fly(P1, SFO, JFK)', 'Fly(P2, JFK, SFO)', 'Fly(P3, ATL, SFO)', 'Unload(C1, P1, JFK)', 'Unload(C2, P2, SFO)', 'Unload(C3, P3, SFO)']",0.0,"astar
h_1"
10,5.731185621989425,1449,1451,13139,h_ignore_preconditions,9,Air Cargo Problem 2,astar_search,"['Load(C1, P1, SFO)', 'Fly(P1, SFO, JFK)', 'Unload(C1, P1, JFK)', 'Load(C2, P2, JFK)', 'Fly(P2, JFK, SFO)', 'Unload(C2, P2, SFO)', 'Load(C3, P3, ATL)', 'Fly(P3, ATL, SFO)', 'Unload(C3, P3, SFO)']",0.0,"astar
h_ignore_preconditions"
11,73.46246257296298,86,88,841,h_pg_levelsum,9,Air Cargo Problem 2,astar_search,"['Load(C1, P1, SFO)', 'Fly(P1, SFO, JFK)', 'Load(C2, P2, JFK)', 'Fly(P2, JFK, SFO)', 'Load(C3, P3, ATL)', 'Fly(P3, ATL, SFO)', 'Unload(C1, P1, JFK)', 'Unload(C2, P2, SFO)', 'Unload(C3, P3, SFO)']",0.0,"astar
h_pg_levelsum"
12,146.32382535998477,14491,17947,128184,,12,Air Cargo Problem 3,breadth_first_search,"['Load(C1, P1, SFO)', 'Load(C2, P2, JFK)', 'Fly(P2, JFK, ORD)', 'Load(C4, P2, ORD)', 'Fly(P2, ORD, SFO)', 'Unload(C2, P2, SFO)', 'Unload(C4, P2, SFO)', 'Fly(P1, SFO, ATL)', 'Load(C3, P1, ATL)', 'Fly(P1, ATL, JFK)', 'Unload(C1, P1, JFK)', 'Unload(C3, P1, JFK)']",0.0,"breadth_first
"
13,27.419908120995387,2099,2100,17558,,2014,Air Cargo Problem 3,depth_first_graph_search,"['Fly(P1, SFO, ORD)', 'Fly(P2, JFK, SFO)', 'Fly(P1, ORD, JFK)', 'Fly(P2, SFO, ORD)', 'Fly(P1, JFK, ATL)', 'Fly(P2, ORD, ATL)', 'Load(C3, P2, ATL)', 'Fly(P2, ATL, SFO)', 'Fly(P1, ATL, SFO)', 'Fly(P2, SFO, ORD)', 'Fly(P1, SFO, ORD)', 'Fly(P2, ORD, JFK)', 'Fly(P1, ORD, JFK)', 'Unload(C3, P2, JFK)', 'Fly(P2, JFK, SFO)', 'Fly(P1, JFK, SFO)', 'Fly(P2, SFO, ORD)', 'Fly(P1, SFO, ORD)', 'Fly(P2, ORD, ATL)', 'Load(C4, P1, ORD)', 'Fly(P1, ORD, SFO)', 'Fly(P2, ATL, SFO)', 'Fly(P1, SFO, JFK)', 'Fly(P2, SFO, ORD)', 'Fly(P1, JFK, ATL)', 'Fly(P2, ORD, JFK)', 'Unload(C4, P1, ATL)', 'Fly(P2, JFK, SFO)', 'Fly(P1, ATL, SFO)', 'Fly(P2, SFO, ORD)', 'Fly(P1, SFO, ORD)', 'Fly(P2, ORD, ATL)', 'Fly(P1, ORD, JFK)', 'Load(C4, P2, ATL)', 'Fly(P1, JFK, SFO)', 'Fly(P2, ATL, SFO)', 'Fly(P1, SFO, ORD)', 'Fly(P2, SFO, JFK)', 'Fly(P1, ORD, ATL)', 'Unload(C4, P2, JFK)', 'Fly(P2, JFK, SFO)', 'Fly(P1, ATL, SFO)', 'Fly(P2, SFO, ORD)', 'Fly(P1, SFO, ORD)', 'Fly(P2, ORD, ATL)', 'Fly(P1, ORD, JFK)', 'Load(C3, P1, JFK)', 'Fly(P1, JFK, SFO)', 'Fly(P2, ATL, SFO)', 'Fly(P1, SFO, ORD)', 'Fly(P2, SFO, ORD)', 'Fly(P1, ORD, ATL)', 'Fly(P2, ORD, JFK)', 'Unload(C3, P1, ATL)', 'Fly(P2, JFK, SFO)', 'Fly(P1, ATL, SFO)', 'Fly(P2, SFO, ORD)', 'Fly(P1, SFO, ORD)', 'Fly(P2, ORD, ATL)', 'Fly(P1, ORD, JFK)', 'Load(C4, P1, JFK)', 'Fly(P1, JFK, SFO)', 'Fly(P2, ATL, SFO)', 'Fly(P1, SFO, ATL)', 'Fly(P2, SFO, ORD)', 'Unload(C4, P1, ATL)', 'Fly(P2, ORD, JFK)', 'Fly(P1, ATL, SFO)', 'Fly(P2, JFK, SFO)', 'Fly(P1, SFO, ORD)', 'Fly(P2, SFO, ATL)', 'Fly(P1, ORD, JFK)', 'Load(C4, P2, ATL)', 'Fly(P1, JFK, SFO)', 'Fly(P2, ATL, SFO)', 'Fly(P1, SFO, ORD)', 'Fly(P2, SFO, JFK)', 'Load(C2, P2, JFK)', 'Fly(P1, ORD, SFO)', 'Fly(P2, JFK, SFO)', 'Fly(P1, SFO, JFK)', 'Fly(P2, SFO, ORD)', 'Fly(P1, JFK, ATL)', 'Fly(P2, ORD, ATL)', 'Unload(C4, P2, ATL)', 'Fly(P2, ATL, SFO)', 'Fly(P1, ATL, SFO)', 'Fly(P2, SFO, ORD)', 'Fly(P1, SFO, ORD)', 'Unload(C2, P2, ORD)', 'Fly(P2, ORD, SFO)', 'Fly(P1, ORD, SFO)', 'Fly(P2, SFO, JFK)', 'Fly(P1, SFO, JFK)', 'Fly(P2, JFK, ATL)', 'Fly(P1, JFK, ATL)', 'Load(C4, P2, ATL)', 'Fly(P2, ATL, SFO)', 'Fly(P1, ATL, SFO)', 'Fly(P2, SFO, ORD)', 'Fly(P1, SFO, ORD)', 'Fly(P2, ORD, JFK)', 'Fly(P1, ORD, JFK)', 'Unload(C4, P2, JFK)', 'Fly(P2, JFK, SFO)', 'Fly(P1, JFK, SFO)', 'Fly(P2, SFO, ORD)', 'Fly(P1, SFO, ORD)', 'Fly(P2, ORD, ATL)', 'Fly(P1, ORD, ATL)', 'Load(C3, P2, ATL)', 'Fly(P2, ATL, SFO)', 'Fly(P1, ATL, SFO)', 'Fly(P2, SFO, ORD)', 'Fly(P1, SFO, ORD)', 'Fly(P2, ORD, JFK)', 'Fly(P1, ORD, JFK)', 'Unload(C3, P2, JFK)', 'Fly(P2, JFK, SFO)', 'Fly(P1, JFK, SFO)', 'Fly(P2, SFO, ORD)', 'Fly(P1, SFO, ORD)', 'Fly(P2, ORD, ATL)', 'Load(C2, P1, ORD)', 'Fly(P1, ORD, SFO)', 'Fly(P2, ATL, SFO)', 'Fly(P1, SFO, JFK)', 'Fly(P2, SFO, ORD)', 'Fly(P1, JFK, ATL)', 'Fly(P2, ORD, JFK)', 'Unload(C2, P1, ATL)', 'Fly(P2, JFK, SFO)', 'Fly(P1, ATL, SFO)', 'Fly(P2, SFO, ORD)', 'Fly(P1, SFO, ORD)', 'Fly(P2, ORD, ATL)', 'Fly(P1, ORD, JFK)', 'Load(C4, P1, JFK)', 'Fly(P1, JFK, SFO)', 'Fly(P2, ATL, SFO)', 'Fly(P1, SFO, ORD)', 'Fly(P2, SFO, ORD)', 'Fly(P1, ORD, ATL)', 'Fly(P2, ORD, JFK)', 'Unload(C4, P1, ATL)', 'Fly(P2, JFK, SFO)', 'Fly(P1, ATL, SFO)', 'Fly(P2, SFO, ORD)', 'Fly(P1, SFO, ORD)', 'Fly(P2, ORD, ATL)', 'Fly(P1, ORD, JFK)', 'Load(C4, P2, ATL)', 'Fly(P1, JFK, SFO)', 'Fly(P2, ATL, SFO)', 'Fly(P1, SFO, ORD)', 'Fly(P2, SFO, ORD)', 'Fly(P1, ORD, ATL)', 'Unload(C4, P2, ORD)', 'Fly(P2, ORD, SFO)', 'Fly(P1, ATL, SFO)', 'Fly(P2, SFO, JFK)', 'Fly(P1, SFO, ORD)', 'Fly(P2, JFK, ATL)', 'Fly(P1, ORD, JFK)', 'Load(C3, P1, JFK)', 'Fly(P1, JFK, SFO)', 'Fly(P2, ATL, SFO)', 'Fly(P1, SFO, ORD)', 'Fly(P2, SFO, ORD)', 'Fly(P1, ORD, ATL)', 'Fly(P2, ORD, JFK)', 'Unload(C3, P1, ATL)', 'Fly(P2, JFK, SFO)', 'Fly(P1, ATL, SFO)', 'Fly(P2, SFO, ORD)', 'Fly(P1, SFO, ORD)', 'Fly(P2, ORD, ATL)', 'Fly(P1, ORD, JFK)', 'Load(C3, P2, ATL)', 'Fly(P1, JFK, SFO)', 'Fly(P2, ATL, SFO)', 'Fly(P1, SFO, ORD)', 'Fly(P2, SFO, ORD)', 'Fly(P1, ORD, ATL)', 'Fly(P2, ORD, JFK)', 'Load(C2, P1, ATL)', 'Fly(P2, JFK, SFO)', 'Fly(P1, ATL, SFO)', 'Fly(P2, SFO, ORD)', 'Fly(P1, SFO, ORD)', 'Fly(P2, ORD, ATL)', 'Fly(P1, ORD, JFK)', 'Unload(C3, P2, ATL)', 'Fly(P1, JFK, SFO)', 'Fly(P2, ATL, SFO)', 'Fly(P1, SFO, ORD)', 'Fly(P2, SFO, ORD)', 'Fly(P1, ORD, ATL)', 'Load(C4, P2, ORD)', 'Fly(P2, ORD, SFO)', 'Fly(P1, ATL, SFO)', 'Fly(P2, SFO, JFK)', 'Fly(P1, SFO, JFK)', 'Unload(C4, P2, JFK)', 'Fly(P2, JFK, SFO)', 'Fly(P1, JFK, SFO)', 'Fly(P2, SFO, ORD)', 'Fly(P1, SFO, ATL)', 'Fly(P2, ORD, ATL)', 'Unload(C2, P1, ATL)', 'Fly(P2, ATL, SFO)', 'Fly(P1, ATL, SFO)', 'Fly(P2, SFO, ORD)', 'Fly(P1, SFO, ORD)', 'Fly(P2, ORD, JFK)', 'Fly(P1, ORD, JFK)', 'Load(C4, P2, JFK)', 'Fly(P2, JFK, SFO)', 'Fly(P1, JFK, SFO)', 'Fly(P2, SFO, ATL)', 'Fly(P1, SFO, ORD)', 'Unload(C4, P2, ATL)', 'Fly(P1, ORD, JFK)', 'Fly(P2, ATL, SFO)', 'Fly(P1, JFK, SFO)', 'Fly(P2, SFO, ORD)', 'Fly(P1, SFO, ATL)', 'Fly(P2, ORD, JFK)', 'Load(C4, P1, ATL)', 'Fly(P2, JFK, SFO)', 'Fly(P1, ATL, SFO)', 'Fly(P2, SFO, ORD)', 'Fly(P1, SFO, JFK)', 'Fly(P2, ORD, ATL)', 'Load(C3, P2, ATL)', 'Fly(P1, JFK, SFO)', 'Fly(P2, ATL, SFO)', 'Fly(P1, SFO, ATL)', 'Fly(P2, SFO, ORD)', 'Unload(C4, P1, ATL)', 'Fly(P2, ORD, ATL)', 'Fly(P1, ATL, SFO)', 'Fly(P2, ATL, SFO)', 'Fly(P1, SFO, ORD)', 'Unload(C3, P2, SFO)', 'Fly(P2, SFO, ORD)', 'Fly(P1, ORD, SFO)', 'Fly(P2, ORD, JFK)', 'Fly(P1, SFO, JFK)', 'Fly(P2, JFK, ATL)', 'Fly(P1, JFK, ATL)', 'Load(C4, P2, ATL)', 'Fly(P2, ATL, SFO)', 'Fly(P1, ATL, SFO)', 'Fly(P2, SFO, ORD)', 'Fly(P1, SFO, ORD)', 'Fly(P2, ORD, JFK)', 'Fly(P1, ORD, JFK)', 'Unload(C4, P2, JFK)', 'Fly(P2, JFK, SFO)', 'Fly(P1, JFK, SFO)', 'Fly(P2, SFO, ORD)', 'Fly(P1, SFO, ORD)', 'Fly(P2, ORD, ATL)', 'Fly(P1, ORD, ATL)', 'Load(C2, P2, ATL)', 'Fly(P2, ATL, SFO)', 'Fly(P1, ATL, SFO)', 'Fly(P2, SFO, ORD)', 'Fly(P1, SFO, ORD)', 'Fly(P2, ORD, JFK)', 'Fly(P1, ORD, JFK)', 'Unload(C2, P2, JFK)', 'Fly(P2, JFK, SFO)', 'Fly(P1, JFK, ORD)', 'Fly(P2, SFO, ORD)', 'Fly(P1, ORD, SFO)', 'Load(C1, P1, SFO)', 'Fly(P1, SFO, ORD)', 'Fly(P2, ORD, SFO)', 'Fly(P1, ORD, JFK)', 'Fly(P2, SFO, JFK)', 'Fly(P1, JFK, ATL)', 'Fly(P2, JFK, ATL)', 'Unload(C1, P1, ATL)', 'Fly(P2, ATL, SFO)', 'Fly(P1, ATL, SFO)', 'Fly(P2, SFO, ORD)', 'Fly(P1, SFO, ORD)', 'Fly(P2, ORD, JFK)', 'Fly(P1, ORD, JFK)', 'Load(C4, P2, JFK)', 'Fly(P2, JFK, SFO)', 'Fly(P1, JFK, SFO)', 'Fly(P2, SFO, ORD)', 'Fly(P1, SFO, ORD)', 'Fly(P2, ORD, ATL)', 'Fly(P1, ORD, ATL)', 'Unload(C4, P2, ATL)', 'Fly(P2, ATL, SFO)', 'Fly(P1, ATL, SFO)', 'Fly(P2, SFO, ORD)', 'Fly(P1, SFO, ORD)', 'Fly(P2, ORD, JFK)', 'Fly(P1, ORD, JFK)', 'Load(C2, P2, JFK)', 'Fly(P2, JFK, SFO)', 'Fly(P1, JFK, SFO)', 'Fly(P2, SFO, ORD)', 'Fly(P1, SFO, ORD)', 'Fly(P2, ORD, ATL)', 'Fly(P1, ORD, ATL)', 'Unload(C2, P2, ATL)', 'Fly(P2, ATL, SFO)', 'Fly(P1, ATL, SFO)', 'Fly(P2, SFO, ORD)', 'Load(C3, P1, SFO)', 'Fly(P1, SFO, ORD)', 'Fly(P2, ORD, SFO)', 'Fly(P1, ORD, JFK)', 'Fly(P2, SFO, JFK)', 'Fly(P1, JFK, ATL)', 'Fly(P2, JFK, ATL)', 'Unload(C3, P1, ATL)', 'Fly(P2, ATL, SFO)', 'Load(C4, P1, ATL)', 'Fly(P2, SFO, ORD)', 'Fly(P1, ATL, SFO)', 'Fly(P2, ORD, JFK)', 'Fly(P1, SFO, ORD)', 'Fly(P2, JFK, ATL)', 'Fly(P1, ORD, JFK)', 'Unload(C4, P1, JFK)', 'Fly(P1, JFK, SFO)', 'Fly(P2, ATL, SFO)', 'Fly(P1, SFO, ORD)', 'Fly(P2, SFO, ORD)', 'Fly(P1, ORD, ATL)', 'Fly(P2, ORD, JFK)', 'Load(C4, P2, JFK)', 'Fly(P2, JFK, SFO)', 'Fly(P1, ATL, SFO)', 'Fly(P2, SFO, ORD)', 'Fly(P1, SFO, ORD)', 'Fly(P2, ORD, ATL)', 'Fly(P1, ORD, JFK)', 'Load(C3, P2, ATL)', 'Fly(P1, JFK, SFO)', 'Fly(P2, ATL, SFO)', 'Fly(P1, SFO, ORD)', 'Fly(P2, SFO, ORD)', 'Fly(P1, ORD, ATL)', 'Fly(P2, ORD, JFK)', 'Unload(C4, P2, JFK)', 'Fly(P2, JFK, SFO)', 'Fly(P1, ATL, SFO)', 'Fly(P2, SFO, ORD)', 'Fly(P1, SFO, ORD)', 'Fly(P2, ORD, ATL)', 'Load(C2, P2, ATL)', 'Fly(P1, ORD, SFO)', 'Fly(P2, ATL, SFO)', 'Fly(P1, SFO, JFK)', 'Fly(P2, SFO, ORD)', 'Fly(P1, JFK, ATL)', 'Fly(P2, ORD, JFK)', 'Unload(C3, P2, JFK)', 'Fly(P2, JFK, SFO)', 'Fly(P1, ATL, SFO)', 'Fly(P2, SFO, ORD)', 'Fly(P1, SFO, ORD)', 'Fly(P2, ORD, ATL)', 'Fly(P1, ORD, JFK)', 'Unload(C2, P2, ATL)', 'Fly(P1, JFK, SFO)', 'Fly(P2, ATL, SFO)', 'Fly(P1, SFO, ORD)', 'Fly(P2, SFO, ORD)', 'Fly(P1, ORD, ATL)', 'Load(C2, P1, ATL)', 'Fly(P2, ORD, SFO)', 'Fly(P1, ATL, SFO)', 'Fly(P2, SFO, JFK)', 'Fly(P1, SFO, ORD)', 'Fly(P2, JFK, ATL)', 'Fly(P1, ORD, JFK)', 'Unload(C2, P1, JFK)', 'Fly(P1, JFK, SFO)', 'Fly(P2, ATL, SFO)', 'Fly(P1, SFO, ORD)', 'Fly(P2, SFO, ORD)', 'Fly(P1, ORD, ATL)', 'Load(C1, P1, ATL)', 'Fly(P2, ORD, SFO)', 'Fly(P1, ATL, ORD)', 'Fly(P2, SFO, JFK)', 'Fly(P1, ORD, SFO)', 'Fly(P2, JFK, ATL)', 'Fly(P1, SFO, JFK)', 'Unload(C1, P1, JFK)', 'Fly(P1, JFK, SFO)', 'Fly(P2, ATL, SFO)', 'Fly(P1, SFO, ORD)', 'Fly(P2, SFO, ORD)', 'Fly(P1, ORD, ATL)', 'Fly(P2, ORD, JFK)', 'Load(C4, P2, JFK)', 'Fly(P2, JFK, SFO)', 'Fly(P1, ATL, SFO)', 'Fly(P2, SFO, ORD)', 'Fly(P1, SFO, ORD)', 'Fly(P2, ORD, ATL)', 'Fly(P1, ORD, JFK)', 'Unload(C4, P2, ATL)', 'Fly(P1, JFK, SFO)', 'Fly(P2, ATL, SFO)', 'Fly(P1, SFO, ORD)', 'Fly(P2, SFO, ORD)', 'Fly(P1, ORD, ATL)', 'Fly(P2, ORD, JFK)', 'Load(C4, P1, ATL)', 'Fly(P2, JFK, SFO)', 'Fly(P1, ATL, SFO)', 'Fly(P2, SFO, ORD)', 'Fly(P1, SFO, ORD)', 'Fly(P2, ORD, ATL)', 'Unload(C4, P1, ORD)', 'Fly(P1, ORD, SFO)', 'Fly(P2, ATL, SFO)', 'Fly(P1, SFO, JFK)', 'Fly(P2, SFO, ORD)', 'Fly(P1, JFK, ATL)', 'Fly(P2, ORD, JFK)', 'Load(C3, P2, JFK)', 'Fly(P2, JFK, SFO)', 'Fly(P1, ATL, SFO)', 'Fly(P2, SFO, ORD)', 'Fly(P1, SFO, ORD)', 'Fly(P2, ORD, ATL)', 'Fly(P1, ORD, JFK)', 'Unload(C3, P2, ATL)', 'Fly(P1, JFK, SFO)', 'Fly(P2, ATL, SFO)', 'Fly(P1, SFO, ORD)', 'Fly(P2, SFO, ORD)', 'Fly(P1, ORD, ATL)', 'Fly(P2, ORD, JFK)', 'Load(C3, P1, ATL)', 'Fly(P2, JFK, SFO)', 'Fly(P1, ATL, SFO)', 'Fly(P2, SFO, ORD)', 'Fly(P1, SFO, ORD)', 'Fly(P2, ORD, ATL)', 'Fly(P1, ORD, JFK)', 'Load(C2, P1, JFK)', 'Fly(P1, JFK, SFO)', 'Fly(P2, ATL, SFO)', 'Fly(P1, SFO, ORD)', 'Fly(P2, SFO, ORD)', 'Fly(P1, ORD, ATL)', 'Fly(P2, ORD, JFK)', 'Unload(C3, P1, ATL)', 'Fly(P2, JFK, SFO)', 'Fly(P1, ATL, SFO)', 'Fly(P2, SFO, ORD)', 'Fly(P1, SFO, ORD)', 'Fly(P2, ORD, ATL)', 'Unload(C2, P1, ORD)', 'Fly(P1, ORD, SFO)', 'Fly(P2, ATL, SFO)', 'Fly(P1, SFO, JFK)', 'Fly(P2, SFO, ORD)', 'Fly(P1, JFK, ATL)', 'Fly(P2, ORD, JFK)', 'Load(C3, P1, ATL)', 'Fly(P2, JFK, SFO)', 'Fly(P1, ATL, SFO)', 'Fly(P2, SFO, ORD)', 'Fly(P1, SFO, JFK)', 'Fly(P2, ORD, ATL)', 'Fly(P1, JFK, ORD)', 'Unload(C3, P1, ORD)', 'Fly(P1, ORD, SFO)', 'Fly(P2, ATL, SFO)', 'Fly(P1, SFO, JFK)', 'Fly(P2, SFO, ORD)', 'Fly(P1, JFK, ATL)', 'Fly(P2, ORD, JFK)', 'Load(C1, P2, JFK)', 'Fly(P2, JFK, SFO)', 'Fly(P1, ATL, SFO)', 'Fly(P2, SFO, ORD)', 'Fly(P1, SFO, ORD)', 'Fly(P2, ORD, ATL)', 'Fly(P1, ORD, JFK)', 'Unload(C1, P2, ATL)', 'Fly(P1, JFK, SFO)', 'Fly(P2, ATL, SFO)', 'Fly(P1, SFO, ORD)', 'Fly(P2, SFO, ORD)', 'Fly(P1, ORD, ATL)', 'Fly(P2, ORD, JFK)', 'Load(C1, P1, ATL)', 'Fly(P2, JFK, SFO)', 'Fly(P1, ATL, SFO)', 'Fly(P2, SFO, ORD)', 'Fly(P1, SFO, ORD)', 'Fly(P2, ORD, ATL)', 'Unload(C1, P1, ORD)', 'Fly(P1, ORD, SFO)', 'Fly(P2, ATL, SFO)', 'Fly(P1, SFO, JFK)', 'Fly(P2, SFO, ORD)', 'Fly(P1, JFK, ATL)', 'Load(C4, P2, ORD)', 'Fly(P2, ORD, SFO)', 'Fly(P1, ATL, SFO)', 'Fly(P2, SFO, JFK)', 'Fly(P1, SFO, ORD)', 'Fly(P2, JFK, ATL)', 'Fly(P1, ORD, JFK)', 'Unload(C4, P2, ATL)', 'Fly(P1, JFK, SFO)', 'Fly(P2, ATL, SFO)', 'Fly(P1, SFO, ORD)', 'Fly(P2, SFO, ORD)', 'Fly(P1, ORD, ATL)', 'Fly(P2, ORD, JFK)', 'Load(C4, P1, ATL)', 'Fly(P2, JFK, SFO)', 'Fly(P1, ATL, SFO)', 'Fly(P2, SFO, ORD)', 'Fly(P1, SFO, ORD)', 'Load(C3, P2, ORD)', 'Fly(P2, ORD, SFO)', 'Fly(P1, ORD, SFO)', 'Fly(P2, SFO, JFK)', 'Fly(P1, SFO, JFK)', 'Fly(P2, JFK, ATL)', 'Fly(P1, JFK, ATL)', 'Unload(C4, P1, ATL)', 'Fly(P2, ATL, SFO)', 'Fly(P1, ATL, SFO)', 'Fly(P2, SFO, ORD)', 'Fly(P1, SFO, JFK)', 'Fly(P2, ORD, JFK)', 'Fly(P1, JFK, ORD)', 'Unload(C3, P2, JFK)', 'Fly(P1, ORD, SFO)', 'Fly(P2, JFK, SFO)', 'Fly(P1, SFO, JFK)', 'Fly(P2, SFO, ORD)', 'Fly(P1, JFK, ATL)', 'Fly(P2, ORD, ATL)', 'Load(C4, P2, ATL)', 'Fly(P2, ATL, SFO)', 'Fly(P1, ATL, SFO)', 'Fly(P2, SFO, ORD)', 'Fly(P1, SFO, ORD)', 'Fly(P2, ORD, JFK)', 'Fly(P1, ORD, JFK)', 'Unload(C4, P2, JFK)', 'Fly(P2, JFK, SFO)', 'Fly(P1, JFK, SFO)', 'Fly(P2, SFO, ORD)', 'Fly(P1, SFO, ORD)', 'Fly(P2, ORD, ATL)', 'Load(C2, P1, ORD)', 'Fly(P1, ORD, SFO)', 'Fly(P2, ATL, SFO)', 'Fly(P1, SFO, JFK)', 'Fly(P2, SFO, ORD)', 'Fly(P1, JFK, ATL)', 'Fly(P2, ORD, JFK)', 'Unload(C2, P1, ATL)', 'Fly(P2, JFK, SFO)', 'Fly(P1, ATL, SFO)', 'Fly(P2, SFO, ORD)', 'Fly(P1, SFO, ORD)', 'Fly(P2, ORD, ATL)', 'Fly(P1, ORD, JFK)', 'Load(C4, P1, JFK)', 'Fly(P1, JFK, SFO)', 'Fly(P2, ATL, SFO)', 'Fly(P1, SFO, ORD)', 'Fly(P2, SFO, ORD)', 'Fly(P1, ORD, ATL)', 'Fly(P2, ORD, JFK)', 'Unload(C4, P1, ATL)', 'Fly(P2, JFK, SFO)', 'Fly(P1, ATL, SFO)', 'Fly(P2, SFO, ORD)', 'Fly(P1, SFO, ORD)', 'Fly(P2, ORD, ATL)', 'Fly(P1, ORD, JFK)', 'Load(C4, P2, ATL)', 'Fly(P1, JFK, SFO)', 'Fly(P2, ATL, SFO)', 'Fly(P1, SFO, ORD)', 'Fly(P2, SFO, ORD)', 'Fly(P1, ORD, ATL)', 'Unload(C4, P2, ORD)', 'Fly(P2, ORD, SFO)', 'Fly(P1, ATL, SFO)', 'Fly(P2, SFO, JFK)', 'Fly(P1, SFO, ORD)', 'Fly(P2, JFK, ATL)', 'Fly(P1, ORD, JFK)', 'Load(C3, P1, JFK)', 'Fly(P1, JFK, SFO)', 'Fly(P2, ATL, SFO)', 'Fly(P1, SFO, ORD)', 'Fly(P2, SFO, ORD)', 'Fly(P1, ORD, ATL)', 'Fly(P2, ORD, JFK)', 'Unload(C3, P1, ATL)', 'Fly(P2, JFK, SFO)', 'Fly(P1, ATL, SFO)', 'Fly(P2, SFO, ORD)', 'Fly(P1, SFO, ORD)', 'Fly(P2, ORD, ATL)', 'Fly(P1, ORD, JFK)', 'Load(C3, P2, ATL)', 'Fly(P1, JFK, SFO)', 'Fly(P2, ATL, SFO)', 'Fly(P1, SFO, ORD)', 'Fly(P2, SFO, ORD)', 'Fly(P1, ORD, ATL)', 'Fly(P2, ORD, JFK)', 'Load(C2, P1, ATL)', 'Fly(P2, JFK, SFO)', 'Fly(P1, ATL, SFO)', 'Fly(P2, SFO, ORD)', 'Fly(P1, SFO, ORD)', 'Fly(P2, ORD, ATL)', 'Fly(P1, ORD, JFK)', 'Unload(C3, P2, ATL)', 'Fly(P1, JFK, SFO)', 'Fly(P2, ATL, SFO)', 'Fly(P1, SFO, ORD)', 'Fly(P2, SFO, ORD)', 'Fly(P1, ORD, ATL)', 'Load(C4, P2, ORD)', 'Fly(P2, ORD, SFO)', 'Fly(P1, ATL, SFO)', 'Fly(P2, SFO, JFK)', 'Fly(P1, SFO, ORD)', 'Fly(P2, JFK, ATL)', 'Fly(P1, ORD, JFK)', 'Unload(C4, P2, ATL)', 'Fly(P1, JFK, SFO)', 'Fly(P2, ATL, SFO)', 'Fly(P1, SFO, ORD)', 'Fly(P2, SFO, ORD)', 'Fly(P1, ORD, ATL)', 'Fly(P2, ORD, JFK)', 'Unload(C2, P1, ATL)', 'Fly(P2, JFK, SFO)', 'Fly(P1, ATL, SFO)', 'Fly(P2, SFO, ORD)', 'Fly(P1, SFO, ORD)', 'Fly(P2, ORD, ATL)', 'Fly(P1, ORD, JFK)', 'Load(C4, P2, ATL)', 'Fly(P1, JFK, SFO)', 'Fly(P2, ATL, SFO)', 'Fly(P1, SFO, ORD)', 'Fly(P2, SFO, JFK)', 'Fly(P1, ORD, ATL)', 'Unload(C4, P2, JFK)', 'Fly(P2, JFK, SFO)', 'Fly(P1, ATL, SFO)', 'Fly(P2, SFO, ORD)', 'Fly(P1, SFO, ORD)', 'Fly(P2, ORD, ATL)', 'Fly(P1, ORD, JFK)', 'Load(C4, P1, JFK)', 'Fly(P1, JFK, SFO)', 'Fly(P2, ATL, SFO)', 'Fly(P1, SFO, ORD)', 'Fly(P2, SFO, JFK)', 'Load(C1, P1, ORD)', 'Fly(P1, ORD, SFO)', 'Fly(P2, JFK, ATL)', 'Fly(P1, SFO, JFK)', 'Fly(P2, ATL, SFO)', 'Unload(C4, P1, JFK)', 'Fly(P2, SFO, ORD)', 'Unload(C1, P1, JFK)', 'Fly(P2, ORD, JFK)', 'Fly(P1, JFK, SFO)', 'Fly(P2, JFK, SFO)', 'Fly(P1, SFO, ORD)', 'Fly(P2, SFO, ATL)', 'Fly(P1, ORD, ATL)', 'Load(C3, P2, ATL)', 'Fly(P2, ATL, SFO)', 'Fly(P1, ATL, SFO)', 'Fly(P2, SFO, ORD)', 'Fly(P1, SFO, ORD)', 'Fly(P2, ORD, JFK)', 'Fly(P1, ORD, JFK)', 'Unload(C3, P2, JFK)', 'Fly(P2, JFK, SFO)', 'Fly(P1, JFK, SFO)', 'Fly(P2, SFO, ORD)', 'Fly(P1, SFO, ORD)', 'Fly(P2, ORD, ATL)', 'Fly(P1, ORD, ATL)', 'Load(C2, P2, ATL)', 'Fly(P2, ATL, SFO)', 'Fly(P1, ATL, SFO)', 'Fly(P2, SFO, ORD)', 'Fly(P1, SFO, ORD)', 'Fly(P2, ORD, JFK)', 'Fly(P1, ORD, JFK)', 'Load(C4, P2, JFK)', 'Fly(P2, JFK, SFO)', 'Fly(P1, JFK, SFO)', 'Fly(P2, SFO, ORD)', 'Fly(P1, SFO, ORD)', 'Fly(P2, ORD, ATL)', 'Fly(P1, ORD, ATL)', 'Unload(C4, P2, ATL)', 'Fly(P2, ATL, SFO)', 'Fly(P1, ATL, SFO)', 'Fly(P2, SFO, ORD)', 'Fly(P1, SFO, ORD)', 'Fly(P2, ORD, JFK)', 'Fly(P1, ORD, JFK)', 'Load(C3, P2, JFK)', 'Fly(P2, JFK, SFO)', 'Fly(P1, JFK, SFO)', 'Fly(P2, SFO, ORD)', 'Fly(P1, SFO, ORD)', 'Fly(P2, ORD, ATL)', 'Fly(P1, ORD, ATL)', 'Unload(C3, P2, ATL)', 'Fly(P2, ATL, SFO)', 'Fly(P1, ATL, SFO)', 'Fly(P2, SFO, ORD)', 'Fly(P1, SFO, ORD)', 'Fly(P2, ORD, JFK)', 'Fly(P1, ORD, JFK)', 'Unload(C2, P2, JFK)', 'Fly(P2, JFK, SFO)', 'Fly(P1, JFK, SFO)', 'Fly(P2, SFO, ORD)', 'Fly(P1, SFO, ORD)', 'Fly(P2, ORD, ATL)', 'Fly(P1, ORD, ATL)', 'Load(C4, P2, ATL)', 'Fly(P2, ATL, SFO)', 'Fly(P1, ATL, SFO)', 'Fly(P2, SFO, ORD)', 'Fly(P1, SFO, JFK)', 'Fly(P2, ORD, JFK)', 'Fly(P1, JFK, ORD)', 'Unload(C4, P2, JFK)', 'Fly(P1, ORD, SFO)', 'Fly(P2, JFK, SFO)', 'Fly(P1, SFO, JFK)', 'Fly(P2, SFO, ORD)', 'Fly(P1, JFK, ATL)', 'Fly(P2, ORD, ATL)', 'Load(C3, P2, ATL)', 'Fly(P2, ATL, SFO)', 'Fly(P1, ATL, SFO)', 'Fly(P2, SFO, ORD)', 'Fly(P1, SFO, ORD)', 'Fly(P2, ORD, JFK)', 'Fly(P1, ORD, JFK)', 'Load(C4, P2, JFK)', 'Fly(P2, JFK, SFO)', 'Fly(P1, JFK, SFO)', 'Fly(P2, SFO, ATL)', 'Unload(C4, P2, ATL)', 'Fly(P1, SFO, JFK)', 'Fly(P2, ATL, SFO)', 'Fly(P1, JFK, ORD)', 'Fly(P2, SFO, ORD)', 'Fly(P1, ORD, ATL)', 'Unload(C3, P2, ORD)', 'Fly(P2, ORD, SFO)', 'Fly(P1, ATL, SFO)', 'Fly(P2, SFO, JFK)', 'Fly(P1, SFO, ORD)', 'Fly(P2, JFK, ATL)', 'Fly(P1, ORD, JFK)', 'Load(C4, P2, ATL)', 'Fly(P1, JFK, SFO)', 'Fly(P2, ATL, SFO)', 'Fly(P1, SFO, ORD)', 'Fly(P2, SFO, ORD)', 'Fly(P1, ORD, ATL)', 'Fly(P2, ORD, JFK)', 'Unload(C4, P2, JFK)', 'Fly(P2, JFK, SFO)', 'Fly(P1, ATL, SFO)', 'Fly(P2, SFO, ATL)', 'Fly(P1, SFO, ORD)', 'Load(C3, P1, ORD)', 'Fly(P1, ORD, SFO)', 'Fly(P2, ATL, SFO)', 'Fly(P1, SFO, JFK)', 'Fly(P2, SFO, ORD)', 'Load(C4, P1, JFK)', 'Fly(P2, ORD, JFK)', 'Fly(P1, JFK, SFO)', 'Fly(P2, JFK, SFO)', 'Fly(P1, SFO, ORD)', 'Unload(C3, P1, ORD)', 'Fly(P2, SFO, ORD)', 'Fly(P1, ORD, SFO)', 'Fly(P2, ORD, JFK)', 'Fly(P1, SFO, JFK)', 'Fly(P2, JFK, ATL)', 'Load(C2, P1, JFK)', 'Fly(P1, JFK, SFO)', 'Fly(P2, ATL, SFO)', 'Fly(P1, SFO, ORD)', 'Fly(P2, SFO, ORD)', 'Fly(P1, ORD, ATL)', 'Fly(P2, ORD, JFK)', 'Unload(C4, P1, ATL)', 'Fly(P2, JFK, SFO)', 'Fly(P1, ATL, SFO)', 'Fly(P2, SFO, ORD)', 'Fly(P1, SFO, ORD)', 'Fly(P2, ORD, ATL)', 'Unload(C2, P1, ORD)', 'Fly(P1, ORD, SFO)', 'Fly(P2, ATL, SFO)', 'Fly(P1, SFO, JFK)', 'Fly(P2, SFO, ORD)', 'Fly(P1, JFK, ATL)', 'Fly(P2, ORD, JFK)', 'Load(C4, P1, ATL)', 'Fly(P2, JFK, SFO)', 'Fly(P1, ATL, SFO)', 'Fly(P2, SFO, ORD)', 'Fly(P1, SFO, JFK)', 'Fly(P2, ORD, ATL)', 'Unload(C4, P1, JFK)', 'Fly(P1, JFK, SFO)', 'Fly(P2, ATL, SFO)', 'Fly(P1, SFO, ORD)', 'Fly(P2, SFO, ORD)', 'Fly(P1, ORD, ATL)', 'Fly(P2, ORD, JFK)', 'Load(C4, P2, JFK)', 'Fly(P2, JFK, SFO)', 'Fly(P1, ATL, SFO)', 'Fly(P2, SFO, ORD)', 'Fly(P1, SFO, ORD)', 'Load(C3, P2, ORD)', 'Fly(P2, ORD, SFO)', 'Fly(P1, ORD, SFO)', 'Fly(P2, SFO, JFK)', 'Fly(P1, SFO, JFK)', 'Fly(P2, JFK, ATL)', 'Fly(P1, JFK, ATL)', 'Unload(C4, P2, ATL)', 'Fly(P2, ATL, SFO)', 'Fly(P1, ATL, SFO)', 'Fly(P2, SFO, JFK)', 'Fly(P1, SFO, ORD)', 'Unload(C3, P2, JFK)', 'Fly(P1, ORD, JFK)', 'Fly(P2, JFK, SFO)', 'Fly(P1, JFK, SFO)', 'Fly(P2, SFO, ATL)', 'Fly(P1, SFO, ATL)', 'Fly(P2, ATL, ORD)', 'Load(C4, P1, ATL)', 'Fly(P2, ORD, SFO)', 'Fly(P1, ATL, SFO)', 'Fly(P2, SFO, JFK)', 'Fly(P1, SFO, ORD)', 'Fly(P2, JFK, ATL)', 'Fly(P1, ORD, JFK)', 'Unload(C4, P1, JFK)', 'Fly(P1, JFK, SFO)', 'Fly(P2, ATL, SFO)', 'Fly(P1, SFO, ORD)', 'Fly(P2, SFO, JFK)', 'Fly(P1, ORD, ATL)', 'Load(C4, P2, JFK)', 'Fly(P2, JFK, SFO)', 'Fly(P1, ATL, ORD)', 'Fly(P2, SFO, ATL)', 'Fly(P1, ORD, JFK)', 'Fly(P2, ATL, ORD)', 'Load(C1, P1, JFK)', 'Fly(P2, ORD, SFO)', 'Fly(P1, JFK, SFO)', 'Fly(P2, SFO, JFK)', 'Fly(P1, SFO, ATL)', 'Fly(P2, JFK, ATL)', 'Fly(P1, ATL, ORD)', 'Unload(C4, P2, ATL)', 'Fly(P1, ORD, SFO)', 'Fly(P2, ATL, SFO)', 'Fly(P1, SFO, ATL)', 'Fly(P2, SFO, ORD)', 'Fly(P1, ATL, JFK)', 'Load(C3, P1, JFK)', 'Fly(P2, ORD, SFO)', 'Fly(P1, JFK, SFO)', 'Fly(P2, SFO, JFK)', 'Fly(P1, SFO, ORD)', 'Fly(P2, JFK, ATL)', 'Fly(P1, ORD, ATL)', 'Unload(C3, P1, ATL)', 'Fly(P2, ATL, SFO)', 'Fly(P1, ATL, ORD)', 'Fly(P2, SFO, ORD)', 'Fly(P1, ORD, JFK)', 'Fly(P2, ORD, JFK)', 'Unload(C1, P1, JFK)', 'Fly(P2, JFK, SFO)', 'Fly(P1, JFK, SFO)', 'Fly(P2, SFO, ATL)', 'Fly(P1, SFO, ORD)', 'Load(C4, P2, ATL)', 'Fly(P2, ATL, SFO)', 'Fly(P1, ORD, SFO)', 'Fly(P2, SFO, ORD)', 'Load(C2, P2, ORD)', 'Fly(P1, SFO, ORD)', 'Fly(P2, ORD, SFO)', 'Fly(P1, ORD, JFK)', 'Fly(P2, SFO, ATL)', 'Unload(C2, P2, ATL)', 'Fly(P1, JFK, SFO)', 'Fly(P2, ATL, SFO)', 'Fly(P1, SFO, ORD)', 'Fly(P2, SFO, ORD)', 'Fly(P1, ORD, ATL)', 'Fly(P2, ORD, JFK)', 'Load(C3, P1, ATL)', 'Fly(P2, JFK, SFO)', 'Fly(P1, ATL, SFO)', 'Fly(P2, SFO, ORD)', 'Fly(P1, SFO, ORD)', 'Fly(P2, ORD, ATL)', 'Fly(P1, ORD, JFK)', 'Unload(C4, P2, ATL)', 'Fly(P1, JFK, SFO)', 'Fly(P2, ATL, SFO)', 'Fly(P1, SFO, ORD)', 'Fly(P2, SFO, ORD)', 'Fly(P1, ORD, ATL)', 'Fly(P2, ORD, JFK)', 'Unload(C3, P1, ATL)', 'Fly(P2, JFK, SFO)', 'Fly(P1, ATL, SFO)', 'Fly(P2, SFO, ORD)', 'Fly(P1, SFO, JFK)', 'Load(C1, P1, JFK)', 'Fly(P2, ORD, SFO)', 'Fly(P1, JFK, ORD)', 'Fly(P2, SFO, JFK)', 'Fly(P1, ORD, SFO)', 'Fly(P2, JFK, ATL)', 'Load(C2, P2, ATL)', 'Fly(P1, SFO, ORD)', 'Fly(P2, ATL, SFO)', 'Fly(P1, ORD, JFK)', 'Unload(C2, P2, SFO)', 'Fly(P2, SFO, ORD)', 'Fly(P1, JFK, SFO)', 'Fly(P2, ORD, JFK)', 'Fly(P1, SFO, ORD)', 'Fly(P2, JFK, ATL)', 'Fly(P1, ORD, ATL)', 'Unload(C1, P1, ATL)', 'Fly(P2, ATL, SFO)', 'Fly(P1, ATL, SFO)', 'Fly(P2, SFO, ORD)', 'Load(C2, P1, SFO)', 'Fly(P1, SFO, ORD)', 'Fly(P2, ORD, SFO)', 'Fly(P1, ORD, JFK)', 'Fly(P2, SFO, JFK)', 'Fly(P1, JFK, ATL)', 'Load(C4, P1, ATL)', 'Fly(P2, JFK, ATL)', 'Fly(P1, ATL, SFO)', 'Fly(P2, ATL, SFO)', 'Fly(P1, SFO, ORD)', 'Fly(P2, SFO, ORD)', 'Fly(P1, ORD, JFK)', 'Unload(C4, P1, JFK)', 'Fly(P2, ORD, SFO)', 'Fly(P1, JFK, SFO)', 'Fly(P2, SFO, JFK)', 'Fly(P1, SFO, ORD)', 'Fly(P2, JFK, ATL)', 'Fly(P1, ORD, ATL)', 'Load(C3, P2, ATL)', 'Fly(P1, ATL, SFO)', 'Fly(P2, ATL, SFO)', 'Fly(P1, SFO, ORD)', 'Fly(P2, SFO, ORD)', 'Fly(P1, ORD, JFK)', 'Fly(P2, ORD, JFK)', 'Unload(C2, P1, JFK)', 'Fly(P2, JFK, SFO)', 'Fly(P1, JFK, ORD)', 'Fly(P2, SFO, ORD)', 'Fly(P1, ORD, SFO)', 'Fly(P2, ORD, ATL)', 'Fly(P1, SFO, ATL)', 'Unload(C3, P2, ATL)', 'Fly(P2, ATL, SFO)', 'Fly(P1, ATL, SFO)', 'Fly(P2, SFO, ORD)', 'Fly(P1, SFO, ORD)', 'Fly(P2, ORD, JFK)', 'Fly(P1, ORD, JFK)', 'Load(C4, P2, JFK)', 'Fly(P2, JFK, SFO)', 'Fly(P1, JFK, SFO)', 'Fly(P2, SFO, ORD)', 'Fly(P1, SFO, ORD)', 'Fly(P2, ORD, ATL)', 'Fly(P1, ORD, ATL)', 'Unload(C4, P2, ATL)', 'Fly(P2, ATL, SFO)', 'Fly(P1, ATL, SFO)', 'Fly(P2, SFO, ORD)', 'Fly(P1, SFO, ORD)', 'Fly(P2, ORD, JFK)', 'Load(C2, P2, JFK)', 'Fly(P1, ORD, SFO)', 'Fly(P2, JFK, ORD)', 'Fly(P1, SFO, JFK)', 'Fly(P2, ORD, ATL)', 'Load(C3, P2, ATL)', 'Fly(P1, JFK, SFO)', 'Fly(P2, ATL, ORD)', 'Fly(P1, SFO, ORD)', 'Fly(P2, ORD, SFO)', 'Fly(P1, ORD, ATL)', 'Fly(P2, SFO, JFK)', 'Unload(C3, P2, JFK)', 'Fly(P2, JFK, SFO)', 'Fly(P1, ATL, SFO)', 'Fly(P2, SFO, ORD)', 'Fly(P1, SFO, ORD)', 'Fly(P2, ORD, ATL)', 'Fly(P1, ORD, JFK)', 'Unload(C2, P2, ATL)', 'Fly(P1, JFK, SFO)', 'Fly(P2, ATL, SFO)', 'Fly(P1, SFO, ORD)', 'Fly(P2, SFO, ORD)', 'Fly(P1, ORD, ATL)', 'Fly(P2, ORD, JFK)', 'Load(C4, P1, ATL)', 'Fly(P2, JFK, SFO)', 'Fly(P1, ATL, SFO)', 'Fly(P2, SFO, ORD)', 'Fly(P1, SFO, ORD)', 'Fly(P2, ORD, ATL)', 'Unload(C4, P1, ORD)', 'Fly(P1, ORD, SFO)', 'Fly(P2, ATL, SFO)', 'Fly(P1, SFO, JFK)', 'Fly(P2, SFO, ORD)', 'Fly(P1, JFK, ATL)', 'Fly(P2, ORD, JFK)', 'Load(C3, P2, JFK)', 'Fly(P2, JFK, SFO)', 'Fly(P1, ATL, SFO)', 'Fly(P2, SFO, ORD)', 'Fly(P1, SFO, JFK)', 'Fly(P2, ORD, ATL)', 'Fly(P1, JFK, ORD)', 'Load(C2, P2, ATL)', 'Fly(P1, ORD, SFO)', 'Fly(P2, ATL, SFO)', 'Fly(P1, SFO, JFK)', 'Fly(P2, SFO, ORD)', 'Fly(P1, JFK, ATL)', 'Fly(P2, ORD, JFK)', 'Unload(C3, P2, JFK)', 'Fly(P2, JFK, SFO)', 'Fly(P1, ATL, SFO)', 'Fly(P2, SFO, ORD)', 'Fly(P1, SFO, ORD)', 'Unload(C2, P2, ORD)', 'Fly(P2, ORD, SFO)', 'Fly(P1, ORD, SFO)', 'Fly(P2, SFO, JFK)', 'Fly(P1, SFO, JFK)', 'Fly(P2, JFK, ATL)', 'Fly(P1, JFK, ATL)', 'Load(C1, P2, ATL)', 'Fly(P2, ATL, SFO)', 'Fly(P1, ATL, SFO)', 'Fly(P2, SFO, ORD)', 'Fly(P1, SFO, ORD)', 'Fly(P2, ORD, JFK)', 'Fly(P1, ORD, JFK)', 'Unload(C1, P2, JFK)', 'Fly(P2, JFK, SFO)', 'Fly(P1, JFK, SFO)', 'Fly(P2, SFO, ORD)', 'Fly(P1, SFO, ORD)', 'Load(C2, P1, ORD)', 'Fly(P2, ORD, SFO)', 'Fly(P1, ORD, SFO)', 'Fly(P2, SFO, JFK)', 'Fly(P1, SFO, JFK)', 'Load(C3, P2, JFK)', 'Fly(P2, JFK, SFO)', 'Fly(P1, JFK, SFO)', 'Fly(P2, SFO, ORD)', 'Fly(P1, SFO, ATL)', 'Fly(P2, ORD, ATL)', 'Unload(C2, P1, ATL)', 'Fly(P2, ATL, SFO)', 'Fly(P1, ATL, SFO)', 'Fly(P2, SFO, ORD)', 'Fly(P1, SFO, ORD)', 'Fly(P2, ORD, JFK)', 'Fly(P1, ORD, JFK)', 'Unload(C3, P2, JFK)', 'Fly(P2, JFK, SFO)', 'Fly(P1, JFK, SFO)', 'Fly(P2, SFO, ORD)', 'Fly(P1, SFO, ORD)', 'Fly(P2, ORD, ATL)', 'Fly(P1, ORD, ATL)', 'Load(C2, P2, ATL)', 'Fly(P2, ATL, SFO)', 'Fly(P1, ATL, SFO)', 'Fly(P2, SFO, JFK)', 'Fly(P1, SFO, ORD)', 'Load(C4, P1, ORD)', 'Fly(P1, ORD, SFO)', 'Fly(P2, JFK, SFO)', 'Fly(P1, SFO, JFK)', 'Fly(P2, SFO, ORD)', 'Load(C3, P1, JFK)', 'Fly(P2, ORD, ATL)', 'Fly(P1, JFK, SFO)', 'Fly(P2, ATL, SFO)', 'Fly(P1, SFO, ORD)', 'Fly(P2, SFO, JFK)', 'Fly(P1, ORD, ATL)', 'Unload(C4, P1, ATL)', 'Fly(P2, JFK, ORD)', 'Fly(P1, ATL, SFO)', 'Fly(P2, ORD, SFO)', 'Fly(P1, SFO, ORD)', 'Fly(P2, SFO, ATL)', 'Unload(C3, P1, ORD)', 'Fly(P1, ORD, SFO)', 'Fly(P2, ATL, SFO)', 'Fly(P1, SFO, JFK)', 'Fly(P2, SFO, JFK)', 'Fly(P1, JFK, ATL)', 'Load(C4, P1, ATL)', 'Fly(P2, JFK, SFO)', 'Fly(P1, ATL, SFO)', 'Fly(P2, SFO, ATL)', 'Fly(P1, SFO, ORD)', 'Fly(P2, ATL, ORD)', 'Unload(C4, P1, ORD)', 'Fly(P2, ORD, SFO)', 'Fly(P1, ORD, SFO)', 'Fly(P2, SFO, JFK)', 'Fly(P1, SFO, JFK)', 'Fly(P2, JFK, ATL)', 'Fly(P1, JFK, ATL)', 'Unload(C2, P2, ATL)', 'Fly(P2, ATL, SFO)', 'Fly(P1, ATL, SFO)', 'Fly(P2, SFO, JFK)', 'Fly(P1, SFO, ORD)', 'Load(C4, P1, ORD)', 'Fly(P1, ORD, SFO)', 'Fly(P2, JFK, SFO)', 'Fly(P1, SFO, JFK)', 'Fly(P2, SFO, ORD)', 'Unload(C4, P1, JFK)', 'Fly(P2, ORD, JFK)', 'Fly(P1, JFK, SFO)', 'Fly(P2, JFK, SFO)', 'Fly(P1, SFO, ORD)', 'Fly(P2, SFO, ATL)', 'Fly(P1, ORD, ATL)', 'Load(C2, P2, ATL)', 'Fly(P2, ATL, SFO)', 'Fly(P1, ATL, SFO)', 'Fly(P2, SFO, ORD)', 'Fly(P1, SFO, JFK)', 'Fly(P2, ORD, JFK)', 'Fly(P1, JFK, ORD)', 'Load(C4, P2, JFK)', 'Fly(P1, ORD, SFO)', 'Fly(P2, JFK, SFO)', 'Fly(P1, SFO, JFK)', 'Fly(P2, SFO, ORD)', 'Fly(P1, JFK, ATL)', 'Fly(P2, ORD, ATL)', 'Unload(C2, P2, ATL)', 'Fly(P2, ATL, SFO)', 'Fly(P1, ATL, SFO)', 'Fly(P2, SFO, ORD)', 'Fly(P1, SFO, JFK)', 'Unload(C4, P2, ORD)', 'Load(C1, P1, JFK)', 'Fly(P2, ORD, SFO)', 'Fly(P1, JFK, SFO)', 'Fly(P2, SFO, JFK)', 'Fly(P1, SFO, ORD)', 'Fly(P2, JFK, ATL)', 'Fly(P1, ORD, ATL)', 'Unload(C1, P1, ATL)', 'Fly(P2, ATL, SFO)', 'Fly(P1, ATL, SFO)', 'Fly(P2, SFO, JFK)', 'Fly(P1, SFO, ORD)', 'Fly(P2, JFK, ORD)', 'Load(C4, P1, ORD)', 'Fly(P2, ORD, SFO)', 'Fly(P1, ORD, SFO)', 'Fly(P2, SFO, JFK)', 'Fly(P1, SFO, JFK)', 'Fly(P2, JFK, ATL)', 'Fly(P1, JFK, ATL)', 'Unload(C4, P1, ATL)', 'Fly(P2, ATL, SFO)', 'Fly(P1, ATL, SFO)', 'Fly(P2, SFO, ORD)', 'Fly(P1, SFO, JFK)', 'Load(C3, P2, ORD)', 'Fly(P2, ORD, SFO)', 'Fly(P1, JFK, ORD)', 'Fly(P2, SFO, ATL)', 'Load(C1, P2, ATL)', 'Fly(P1, ORD, SFO)', 'Fly(P2, ATL, ORD)', 'Fly(P1, SFO, JFK)', 'Fly(P2, ORD, SFO)', 'Fly(P1, JFK, ATL)', 'Fly(P2, SFO, JFK)', 'Unload(C3, P2, JFK)', 'Fly(P2, JFK, ORD)', 'Fly(P1, ATL, JFK)', 'Fly(P2, ORD, SFO)', 'Fly(P1, JFK, ORD)', 'Fly(P2, SFO, ATL)', 'Load(C4, P2, ATL)', 'Fly(P1, ORD, SFO)', 'Fly(P2, ATL, ORD)', 'Fly(P1, SFO, JFK)', 'Fly(P2, ORD, SFO)', 'Fly(P1, JFK, ATL)', 'Fly(P2, SFO, JFK)', 'Unload(C4, P2, JFK)', 'Fly(P2, JFK, ORD)', 'Fly(P1, ATL, JFK)', 'Fly(P2, ORD, SFO)', 'Load(C4, P1, JFK)', 'Fly(P2, SFO, JFK)', 'Fly(P1, JFK, SFO)', 'Fly(P2, JFK, ORD)', 'Unload(C4, P1, SFO)', 'Fly(P1, SFO, ORD)', 'Fly(P2, ORD, JFK)', 'Fly(P1, ORD, JFK)', 'Fly(P2, JFK, ATL)', 'Fly(P1, JFK, ATL)', 'Unload(C1, P2, ATL)', 'Fly(P2, ATL, SFO)', 'Fly(P1, ATL, ORD)', 'Fly(P2, SFO, ORD)', 'Fly(P1, ORD, JFK)', 'Fly(P2, ORD, JFK)', 'Fly(P1, JFK, SFO)', 'Load(C3, P2, JFK)', 'Fly(P1, SFO, ORD)', 'Fly(P2, JFK, ORD)', 'Fly(P1, ORD, JFK)', 'Fly(P2, ORD, SFO)', 'Fly(P1, JFK, ATL)', 'Fly(P2, SFO, ATL)', 'Unload(C3, P2, ATL)', 'Fly(P1, ATL, SFO)', 'Load(C2, P2, ATL)', 'Fly(P1, SFO, ORD)', 'Fly(P2, ATL, SFO)', 'Fly(P1, ORD, JFK)', 'Fly(P2, SFO, ORD)', 'Fly(P1, JFK, ATL)', 'Fly(P2, ORD, JFK)', 'Unload(C2, P2, JFK)', 'Fly(P2, JFK, SFO)', 'Fly(P1, ATL, ORD)', 'Fly(P2, SFO, ORD)', 'Fly(P1, ORD, SFO)', 'Fly(P2, ORD, ATL)', 'Fly(P1, SFO, JFK)', 'Load(C3, P2, ATL)', 'Fly(P1, JFK, ORD)', 'Fly(P2, ATL, SFO)', 'Fly(P1, ORD, SFO)', 'Fly(P2, SFO, ORD)', 'Fly(P1, SFO, ATL)', 'Fly(P2, ORD, JFK)', 'Unload(C3, P2, JFK)', 'Fly(P2, JFK, SFO)', 'Fly(P1, ATL, SFO)', 'Fly(P2, SFO, ORD)', 'Fly(P1, SFO, ORD)', 'Fly(P2, ORD, ATL)', 'Fly(P1, ORD, JFK)', 'Load(C3, P1, JFK)', 'Fly(P1, JFK, SFO)', 'Fly(P2, ATL, SFO)', 'Fly(P1, SFO, ORD)', 'Fly(P2, SFO, ORD)', 'Fly(P1, ORD, ATL)', 'Load(C1, P1, ATL)', 'Fly(P2, ORD, SFO)', 'Fly(P1, ATL, SFO)', 'Fly(P2, SFO, JFK)', 'Fly(P1, SFO, ORD)', 'Fly(P2, JFK, ATL)', 'Fly(P1, ORD, JFK)', 'Unload(C3, P1, JFK)', 'Fly(P1, JFK, SFO)', 'Fly(P2, ATL, SFO)', 'Fly(P1, SFO, ORD)', 'Fly(P2, SFO, ORD)', 'Unload(C1, P1, ORD)', 'Fly(P1, ORD, SFO)', 'Fly(P2, ORD, SFO)', 'Fly(P1, SFO, JFK)', 'Fly(P2, SFO, JFK)', 'Fly(P1, JFK, ATL)', 'Load(C3, P2, JFK)', 'Fly(P2, JFK, SFO)', 'Fly(P1, ATL, SFO)', 'Fly(P2, SFO, ORD)', 'Fly(P1, SFO, ORD)', 'Fly(P2, ORD, ATL)', 'Fly(P1, ORD, JFK)', 'Unload(C3, P2, ATL)', 'Fly(P1, JFK, SFO)', 'Fly(P2, ATL, SFO)', 'Fly(P1, SFO, ORD)', 'Fly(P2, SFO, ORD)', 'Fly(P1, ORD, ATL)', 'Fly(P2, ORD, JFK)', 'Load(C3, P1, ATL)', 'Fly(P2, JFK, SFO)', 'Fly(P1, ATL, SFO)', 'Fly(P2, SFO, ORD)', 'Fly(P1, SFO, ORD)', 'Load(C1, P2, ORD)', 'Fly(P2, ORD, SFO)', 'Fly(P1, ORD, SFO)', 'Fly(P2, SFO, JFK)', 'Fly(P1, SFO, JFK)', 'Unload(C3, P1, JFK)', 'Fly(P2, JFK, SFO)', 'Fly(P1, JFK, SFO)', 'Fly(P2, SFO, ATL)', 'Load(C4, P1, SFO)', 'Fly(P1, SFO, ORD)', 'Fly(P2, ATL, SFO)', 'Fly(P1, ORD, ATL)', 'Fly(P2, SFO, ORD)', 'Fly(P1, ATL, JFK)', 'Fly(P2, ORD, JFK)', 'Unload(C4, P1, JFK)', 'Fly(P2, JFK, SFO)', 'Fly(P1, JFK, ORD)', 'Fly(P2, SFO, ORD)', 'Fly(P1, ORD, SFO)', 'Unload(C1, P2, ORD)', 'Fly(P1, SFO, ATL)', 'Fly(P2, ORD, JFK)', 'Fly(P1, ATL, JFK)', 'Fly(P2, JFK, ATL)', 'Load(C4, P1, JFK)', 'Fly(P1, JFK, SFO)', 'Fly(P2, ATL, JFK)', 'Fly(P1, SFO, ORD)', 'Fly(P2, JFK, SFO)', 'Fly(P1, ORD, ATL)', 'Unload(C4, P1, ATL)', 'Fly(P2, SFO, ORD)', 'Fly(P1, ATL, SFO)', 'Fly(P2, ORD, JFK)', 'Fly(P1, SFO, ORD)', 'Fly(P2, JFK, ATL)', 'Fly(P1, ORD, JFK)', 'Load(C4, P2, ATL)', 'Fly(P1, JFK, SFO)', 'Fly(P2, ATL, ORD)', 'Fly(P1, SFO, ORD)', 'Fly(P2, ORD, JFK)', 'Load(C3, P2, JFK)', 'Fly(P1, ORD, SFO)', 'Fly(P2, JFK, ORD)', 'Fly(P1, SFO, JFK)', 'Fly(P2, ORD, SFO)', 'Unload(C3, P2, SFO)', 'Fly(P2, SFO, ORD)', 'Fly(P1, JFK, SFO)', 'Fly(P2, ORD, JFK)', 'Fly(P1, SFO, ORD)', 'Fly(P2, JFK, ATL)', 'Fly(P1, ORD, ATL)', 'Unload(C4, P2, ATL)', 'Fly(P2, ATL, SFO)', 'Fly(P1, ATL, SFO)', 'Fly(P2, SFO, ORD)', 'Fly(P1, SFO, ORD)', 'Fly(P2, ORD, JFK)', 'Fly(P1, ORD, JFK)', 'Load(C2, P2, JFK)', 'Fly(P2, JFK, SFO)', 'Fly(P1, JFK, SFO)', 'Fly(P2, SFO, ORD)', 'Fly(P1, SFO, ORD)', 'Fly(P2, ORD, ATL)', 'Fly(P1, ORD, ATL)', 'Unload(C2, P2, ATL)', 'Fly(P2, ATL, SFO)', 'Fly(P1, ATL, SFO)', 'Fly(P2, SFO, ORD)', 'Fly(P1, SFO, ORD)', 'Fly(P2, ORD, JFK)', 'Load(C1, P1, ORD)', 'Fly(P1, ORD, JFK)', 'Fly(P2, JFK, SFO)', 'Fly(P1, JFK, SFO)', 'Fly(P2, SFO, ATL)', 'Load(C4, P2, ATL)', 'Fly(P1, SFO, ORD)', 'Fly(P2, ATL, SFO)', 'Fly(P1, ORD, JFK)', 'Fly(P2, SFO, ORD)', 'Fly(P1, JFK, ATL)', 'Fly(P2, ORD, JFK)', 'Unload(C4, P2, JFK)', 'Fly(P2, JFK, SFO)', 'Fly(P1, ATL, ORD)', 'Fly(P2, SFO, ORD)', 'Fly(P1, ORD, JFK)', 'Fly(P2, ORD, ATL)', 'Fly(P1, JFK, SFO)', 'Load(C3, P1, SFO)', 'Fly(P1, SFO, ORD)', 'Fly(P2, ATL, SFO)', 'Fly(P1, ORD, JFK)', 'Fly(P2, SFO, ORD)', 'Fly(P1, JFK, ATL)', 'Fly(P2, ORD, JFK)', 'Load(C4, P2, JFK)', 'Fly(P2, JFK, SFO)', 'Fly(P1, ATL, SFO)', 'Fly(P2, SFO, ORD)', 'Fly(P1, SFO, ORD)', 'Fly(P2, ORD, ATL)', 'Unload(C4, P2, ATL)', 'Fly(P2, ATL, SFO)', 'Fly(P1, ORD, JFK)', 'Fly(P2, SFO, ORD)', 'Fly(P1, JFK, ATL)', 'Load(C4, P1, ATL)', 'Fly(P2, ORD, SFO)', 'Fly(P1, ATL, SFO)', 'Fly(P2, SFO, JFK)', 'Fly(P1, SFO, ORD)', 'Fly(P2, JFK, ATL)', 'Fly(P1, ORD, JFK)', 'Unload(C3, P1, JFK)', 'Fly(P1, JFK, ORD)', 'Fly(P2, ATL, JFK)', 'Fly(P1, ORD, SFO)', 'Fly(P2, JFK, ORD)', 'Fly(P1, SFO, ATL)', 'Load(C2, P1, ATL)', 'Fly(P2, ORD, SFO)', 'Fly(P1, ATL, SFO)', 'Fly(P2, SFO, JFK)', 'Fly(P1, SFO, ORD)', 'Fly(P2, JFK, ATL)', 'Fly(P1, ORD, JFK)', 'Unload(C1, P1, JFK)', 'Fly(P1, JFK, SFO)', 'Fly(P2, ATL, SFO)', 'Fly(P1, SFO, ATL)', 'Fly(P2, SFO, ORD)', 'Unload(C4, P1, ATL)', 'Fly(P2, ORD, JFK)', 'Fly(P1, ATL, SFO)', 'Fly(P2, JFK, SFO)', 'Fly(P1, SFO, JFK)', 'Load(C3, P1, JFK)', 'Fly(P2, SFO, ORD)', 'Fly(P1, JFK, SFO)', 'Fly(P2, ORD, JFK)', 'Fly(P1, SFO, ORD)', 'Unload(C2, P1, ORD)', 'Fly(P1, ORD, SFO)', 'Fly(P2, JFK, SFO)', 'Fly(P1, SFO, ATL)', 'Fly(P2, SFO, ATL)', 'Load(C4, P2, ATL)', 'Fly(P2, ATL, SFO)', 'Fly(P1, ATL, SFO)', 'Fly(P2, SFO, JFK)', 'Fly(P1, SFO, ORD)', 'Unload(C4, P2, JFK)', 'Fly(P1, ORD, JFK)', 'Fly(P2, JFK, SFO)', 'Fly(P1, JFK, SFO)', 'Fly(P2, SFO, ORD)', 'Fly(P1, SFO, ATL)', 'Fly(P2, ORD, ATL)', 'Unload(C3, P1, ATL)', 'Fly(P2, ATL, SFO)', 'Fly(P1, ATL, SFO)', 'Fly(P2, SFO, ORD)', 'Fly(P1, SFO, ORD)', 'Fly(P2, ORD, JFK)', 'Fly(P1, ORD, JFK)', 'Load(C4, P2, JFK)', 'Fly(P1, JFK, ATL)', 'Load(C1, P2, JFK)', 'Fly(P2, JFK, ORD)', 'Fly(P1, ATL, SFO)', 'Fly(P2, ORD, ATL)', 'Fly(P1, SFO, ORD)', 'Fly(P2, ATL, SFO)', 'Fly(P1, ORD, JFK)', 'Unload(C4, P2, SFO)', 'Fly(P2, SFO, ORD)', 'Fly(P1, JFK, SFO)', 'Fly(P2, ORD, JFK)', 'Fly(P1, SFO, ORD)', 'Fly(P2, JFK, ATL)', 'Fly(P1, ORD, ATL)', 'Unload(C1, P2, ATL)', 'Fly(P2, ATL, SFO)', 'Fly(P1, ATL, SFO)', 'Fly(P2, SFO, ORD)', 'Fly(P1, SFO, ORD)', 'Fly(P2, ORD, JFK)', 'Load(C2, P1, ORD)', 'Fly(P1, ORD, SFO)', 'Fly(P2, JFK, ORD)', 'Fly(P1, SFO, JFK)', 'Fly(P2, ORD, SFO)', 'Fly(P1, JFK, ATL)', 'Load(C3, P1, ATL)', 'Fly(P2, SFO, ORD)', 'Fly(P1, ATL, SFO)', 'Fly(P2, ORD, JFK)', 'Fly(P1, SFO, ORD)', 'Fly(P2, JFK, ATL)', 'Unload(C3, P1, ORD)', 'Fly(P1, ORD, SFO)', 'Fly(P2, ATL, SFO)', 'Fly(P1, SFO, JFK)', 'Fly(P2, SFO, ORD)', 'Fly(P1, JFK, ATL)', 'Fly(P2, ORD, JFK)', 'Unload(C2, P1, ATL)', 'Fly(P2, JFK, SFO)', 'Fly(P1, ATL, ORD)', 'Fly(P2, SFO, ATL)', 'Fly(P1, ORD, SFO)', 'Load(C2, P2, ATL)', 'Fly(P1, SFO, JFK)', 'Fly(P2, ATL, SFO)', 'Fly(P1, JFK, ORD)', 'Fly(P2, SFO, ORD)', 'Fly(P1, ORD, ATL)', 'Fly(P2, ORD, JFK)', 'Unload(C2, P2, JFK)', 'Fly(P2, JFK, SFO)', 'Fly(P1, ATL, SFO)', 'Fly(P2, SFO, ATL)', 'Fly(P1, SFO, ORD)', 'Load(C1, P2, ATL)', 'Fly(P1, ORD, JFK)', 'Fly(P2, ATL, SFO)', 'Fly(P1, JFK, SFO)', 'Fly(P2, SFO, ORD)', 'Fly(P1, SFO, ATL)', 'Fly(P2, ORD, JFK)', 'Unload(C1, P2, JFK)', 'Fly(P2, JFK, SFO)', 'Fly(P1, ATL, JFK)', 'Fly(P2, SFO, ORD)', 'Fly(P1, JFK, ORD)', 'Fly(P2, ORD, ATL)', 'Load(C3, P1, ORD)', 'Fly(P1, ORD, SFO)', 'Fly(P2, ATL, ORD)', 'Fly(P1, SFO, JFK)', 'Fly(P2, ORD, SFO)', 'Fly(P1, JFK, ATL)', 'Fly(P2, SFO, JFK)', 'Unload(C3, P1, ATL)', 'Fly(P2, JFK, ORD)', 'Fly(P1, ATL, SFO)', 'Fly(P2, ORD, ATL)', 'Fly(P1, SFO, ORD)', 'Fly(P2, ATL, SFO)', 'Fly(P1, ORD, JFK)', 'Load(C2, P1, JFK)', 'Fly(P2, SFO, ORD)', 'Fly(P1, JFK, SFO)', 'Fly(P2, ORD, JFK)', 'Fly(P1, SFO, ORD)', 'Fly(P2, JFK, ATL)', 'Fly(P1, ORD, ATL)', 'Unload(C2, P1, ATL)', 'Fly(P2, ATL, SFO)', 'Fly(P1, ATL, JFK)', 'Fly(P2, SFO, ORD)', 'Fly(P1, JFK, SFO)', 'Fly(P2, ORD, JFK)', 'Fly(P1, SFO, ORD)', 'Load(C1, P2, JFK)', 'Fly(P1, ORD, JFK)', 'Fly(P2, JFK, SFO)', 'Fly(P1, JFK, SFO)', 'Fly(P2, SFO, ORD)', 'Fly(P1, SFO, ATL)', 'Unload(C1, P2, ORD)', 'Fly(P2, ORD, SFO)', 'Fly(P1, ATL, JFK)', 'Fly(P2, SFO, JFK)', 'Fly(P1, JFK, ORD)', 'Fly(P2, JFK, ATL)', 'Load(C3, P2, ATL)', 'Fly(P1, ORD, SFO)', 'Fly(P2, ATL, SFO)', 'Fly(P1, SFO, JFK)', 'Fly(P2, SFO, ORD)', 'Fly(P1, JFK, ATL)', 'Fly(P2, ORD, JFK)', 'Unload(C3, P2, JFK)', 'Fly(P2, JFK, SFO)', 'Fly(P1, ATL, JFK)', 'Fly(P2, SFO, ORD)', 'Load(C3, P1, JFK)', 'Fly(P2, ORD, JFK)', 'Fly(P1, JFK, SFO)', 'Fly(P2, JFK, SFO)', 'Fly(P1, SFO, ORD)', 'Fly(P2, SFO, ATL)', 'Fly(P1, ORD, ATL)', 'Load(C2, P2, ATL)', 'Fly(P2, ATL, SFO)', 'Fly(P1, ATL, SFO)', 'Fly(P2, SFO, ORD)', 'Fly(P1, SFO, ORD)', 'Fly(P2, ORD, JFK)', 'Unload(C3, P1, ORD)', 'Fly(P1, ORD, SFO)', 'Fly(P2, JFK, SFO)', 'Fly(P1, SFO, JFK)', 'Fly(P2, SFO, ORD)', 'Fly(P1, JFK, ATL)', 'Fly(P2, ORD, ATL)', 'Unload(C2, P2, ATL)', 'Fly(P2, ATL, SFO)', 'Fly(P1, ATL, SFO)', 'Fly(P2, SFO, ORD)', 'Fly(P1, SFO, ORD)', 'Fly(P2, ORD, JFK)', 'Load(C1, P1, ORD)', 'Fly(P1, ORD, SFO)', 'Fly(P2, JFK, SFO)', 'Fly(P1, SFO, JFK)', 'Fly(P2, SFO, ORD)', 'Fly(P1, JFK, ATL)', 'Fly(P2, ORD, ATL)', 'Load(C2, P2, ATL)', 'Fly(P2, ATL, SFO)', 'Fly(P1, ATL, SFO)', 'Fly(P2, SFO, ORD)', 'Fly(P1, SFO, ORD)', 'Unload(C2, P2, ORD)', 'Fly(P2, ORD, SFO)', 'Fly(P1, ORD, SFO)', 'Fly(P2, SFO, JFK)', 'Fly(P1, SFO, JFK)', 'Fly(P2, JFK, ATL)', 'Fly(P1, JFK, ATL)', 'Unload(C1, P1, ATL)', 'Fly(P2, ATL, SFO)', 'Fly(P1, ATL, SFO)', 'Fly(P2, SFO, ORD)', 'Fly(P1, SFO, JFK)', 'Load(C3, P2, ORD)', 'Fly(P2, ORD, SFO)', 'Fly(P1, JFK, SFO)', 'Fly(P2, SFO, JFK)', 'Fly(P1, SFO, ORD)', 'Fly(P2, JFK, ATL)', 'Load(C2, P1, ORD)', 'Fly(P1, ORD, SFO)', 'Fly(P2, ATL, SFO)', 'Fly(P1, SFO, JFK)', 'Fly(P2, SFO, JFK)', 'Fly(P1, JFK, ATL)', 'Unload(C3, P2, JFK)', 'Fly(P2, JFK, ORD)', 'Fly(P1, ATL, SFO)', 'Fly(P2, ORD, SFO)', 'Fly(P1, SFO, ORD)', 'Fly(P2, SFO, ATL)', 'Unload(C2, P1, ORD)', 'Fly(P1, ORD, SFO)', 'Fly(P2, ATL, SFO)', 'Fly(P1, SFO, JFK)', 'Fly(P2, SFO, ORD)', 'Fly(P1, JFK, ATL)', 'Fly(P2, ORD, JFK)', 'Load(C1, P1, ATL)', 'Fly(P2, JFK, SFO)', 'Fly(P1, ATL, ORD)', 'Fly(P2, SFO, ORD)', 'Fly(P1, ORD, SFO)', 'Fly(P2, ORD, ATL)', 'Fly(P1, SFO, JFK)', 'Unload(C1, P1, JFK)', 'Fly(P1, JFK, SFO)', 'Fly(P2, ATL, ORD)', 'Fly(P1, SFO, ORD)', 'Fly(P2, ORD, JFK)', 'Fly(P1, ORD, ATL)', 'Load(C3, P2, JFK)', 'Fly(P2, JFK, SFO)', 'Fly(P1, ATL, JFK)', 'Fly(P2, SFO, ORD)', 'Fly(P1, JFK, SFO)', 'Fly(P2, ORD, ATL)', 'Unload(C3, P2, ATL)', 'Fly(P1, SFO, JFK)', 'Fly(P2, ATL, SFO)', 'Fly(P1, JFK, ATL)', 'Fly(P2, SFO, ORD)', 'Fly(P1, ATL, ORD)', 'Load(C2, P2, ORD)', 'Fly(P1, ORD, SFO)', 'Fly(P2, ORD, SFO)', 'Fly(P1, SFO, ATL)', 'Unload(C2, P2, SFO)', 'Fly(P2, SFO, ORD)', 'Fly(P1, ATL, ORD)', 'Fly(P2, ORD, JFK)', 'Fly(P1, ORD, JFK)', 'Fly(P2, JFK, ATL)', 'Fly(P1, JFK, SFO)', 'Load(C4, P1, SFO)', 'Fly(P1, SFO, ORD)', 'Fly(P2, ATL, SFO)', 'Fly(P1, ORD, JFK)', 'Fly(P2, SFO, ORD)', 'Fly(P1, JFK, ATL)', 'Fly(P2, ORD, JFK)', 'Unload(C4, P1, ATL)', 'Fly(P2, JFK, ATL)', 'Fly(P1, ATL, SFO)', 'Fly(P2, ATL, ORD)', 'Load(C2, P1, SFO)', 'Fly(P1, SFO, ORD)', 'Fly(P2, ORD, JFK)', 'Load(C1, P2, JFK)', 'Fly(P1, ORD, SFO)', 'Fly(P2, JFK, SFO)', 'Fly(P1, SFO, JFK)', 'Fly(P2, SFO, ORD)', 'Unload(C2, P1, JFK)', 'Fly(P2, ORD, ATL)', 'Fly(P1, JFK, SFO)', 'Fly(P2, ATL, JFK)', 'Fly(P1, SFO, ATL)', 'Fly(P2, JFK, SFO)', 'Load(C3, P1, ATL)', 'Fly(P2, SFO, ORD)', 'Fly(P1, ATL, SFO)', 'Fly(P2, ORD, JFK)', 'Fly(P1, SFO, ORD)', 'Fly(P2, JFK, ATL)', 'Fly(P1, ORD, JFK)', 'Unload(C3, P1, JFK)', 'Fly(P1, JFK, SFO)', 'Fly(P2, ATL, JFK)', 'Fly(P1, SFO, ORD)', 'Load(C3, P2, JFK)', 'Fly(P1, ORD, JFK)', 'Fly(P2, JFK, SFO)', 'Fly(P1, JFK, SFO)', 'Fly(P2, SFO, ORD)', 'Fly(P1, SFO, ATL)', 'Fly(P2, ORD, ATL)', 'Load(C4, P2, ATL)', 'Fly(P2, ATL, SFO)', 'Fly(P1, ATL, SFO)', 'Fly(P2, SFO, JFK)', 'Fly(P1, SFO, ORD)', 'Fly(P2, JFK, ORD)', 'Unload(C4, P2, ORD)', 'Fly(P2, ORD, SFO)', 'Fly(P1, ORD, JFK)', 'Fly(P2, SFO, JFK)', 'Fly(P1, JFK, SFO)', 'Fly(P2, JFK, ATL)', 'Fly(P1, SFO, ATL)', 'Unload(C3, P2, ATL)', 'Fly(P2, ATL, SFO)', 'Fly(P1, ATL, SFO)', 'Fly(P2, SFO, ORD)', 'Fly(P1, SFO, ORD)', 'Fly(P2, ORD, JFK)', 'Fly(P1, ORD, JFK)', 'Load(C2, P2, JFK)', 'Fly(P2, JFK, SFO)', 'Fly(P1, JFK, SFO)', 'Fly(P2, SFO, ORD)', 'Fly(P1, SFO, ORD)', 'Fly(P2, ORD, ATL)', 'Fly(P1, ORD, ATL)', 'Unload(C2, P2, ATL)', 'Fly(P1, ATL, SFO)', 'Fly(P2, ATL, JFK)', 'Fly(P1, SFO, ORD)', 'Fly(P2, JFK, SFO)', 'Fly(P1, ORD, JFK)', 'Fly(P2, SFO, ORD)', 'Load(C4, P2, ORD)', 'Fly(P2, ORD, JFK)', 'Fly(P1, JFK, SFO)', 'Fly(P2, JFK, ATL)', 'Fly(P1, SFO, ATL)', 'Fly(P2, ATL, SFO)', 'Load(C3, P1, ATL)', 'Fly(P2, SFO, ORD)', 'Fly(P1, ATL, SFO)', 'Fly(P2, ORD, JFK)', 'Fly(P1, SFO, ORD)', 'Fly(P2, JFK, ATL)', 'Fly(P1, ORD, JFK)', 'Unload(C4, P2, ATL)', 'Fly(P1, JFK, SFO)', 'Fly(P2, ATL, SFO)', 'Fly(P1, SFO, ORD)', 'Fly(P2, SFO, ORD)', 'Fly(P1, ORD, ATL)', 'Unload(C3, P1, ATL)', 'Load(C4, P1, ATL)', 'Fly(P2, ORD, JFK)', 'Fly(P1, ATL, SFO)', 'Fly(P2, JFK, ATL)', 'Load(C3, P2, ATL)', 'Fly(P1, SFO, ORD)', 'Fly(P2, ATL, SFO)', 'Fly(P1, ORD, JFK)', 'Fly(P2, SFO, ORD)', 'Fly(P1, JFK, ATL)', 'Unload(C3, P2, ORD)', 'Fly(P2, ORD, SFO)', 'Fly(P1, ATL, SFO)', 'Fly(P2, SFO, ATL)', 'Fly(P1, SFO, ORD)', 'Unload(C4, P1, ORD)', 'Fly(P1, ORD, SFO)', 'Fly(P2, ATL, SFO)', 'Fly(P1, SFO, JFK)', 'Fly(P2, SFO, ORD)', 'Fly(P1, JFK, ATL)', 'Fly(P2, ORD, JFK)', 'Load(C2, P1, ATL)', 'Fly(P2, JFK, SFO)', 'Fly(P1, ATL, SFO)', 'Fly(P2, SFO, ORD)', 'Fly(P1, SFO, JFK)', 'Fly(P2, ORD, ATL)', 'Unload(C2, P1, JFK)', 'Fly(P1, JFK, SFO)', 'Fly(P2, ATL, SFO)', 'Fly(P1, SFO, ORD)', 'Fly(P2, SFO, JFK)', 'Fly(P1, ORD, ATL)', 'Fly(P2, JFK, ORD)', 'Unload(C1, P2, ORD)', 'Fly(P2, ORD, SFO)', 'Fly(P1, ATL, SFO)', 'Fly(P2, SFO, JFK)', 'Fly(P1, SFO, ORD)', 'Fly(P2, JFK, ATL)', 'Fly(P1, ORD, JFK)', 'Load(C2, P1, JFK)', 'Fly(P1, JFK, SFO)', 'Fly(P2, ATL, SFO)', 'Fly(P1, SFO, ORD)', 'Fly(P2, SFO, JFK)', 'Fly(P1, ORD, ATL)', 'Fly(P2, JFK, ORD)', 'Load(C4, P2, ORD)', 'Fly(P2, ORD, SFO)', 'Fly(P1, ATL, SFO)', 'Fly(P2, SFO, JFK)', 'Fly(P1, SFO, JFK)', 'Fly(P2, JFK, ATL)', 'Unload(C4, P2, ATL)', 'Fly(P1, JFK, SFO)', 'Fly(P2, ATL, SFO)', 'Fly(P1, SFO, ATL)', 'Fly(P2, SFO, ORD)', 'Unload(C2, P1, ATL)', 'Fly(P2, ORD, JFK)', 'Fly(P1, ATL, SFO)', 'Fly(P2, JFK, SFO)', 'Fly(P1, SFO, ORD)', 'Fly(P2, SFO, ATL)', 'Fly(P1, ORD, JFK)', 'Load(C4, P2, ATL)', 'Fly(P1, JFK, SFO)', 'Fly(P2, ATL, ORD)', 'Fly(P1, SFO, ORD)', 'Fly(P2, ORD, SFO)', 'Load(C1, P1, ORD)', 'Fly(P2, SFO, JFK)', 'Fly(P1, ORD, SFO)', 'Fly(P2, JFK, ORD)', 'Fly(P1, SFO, ATL)', 'Fly(P2, ORD, ATL)', 'Fly(P1, ATL, JFK)', 'Unload(C4, P2, ATL)', 'Fly(P1, JFK, SFO)', 'Fly(P2, ATL, SFO)', 'Unload(C1, P1, SFO)', 'Fly(P2, SFO, ORD)', 'Fly(P1, SFO, ORD)', 'Fly(P2, ORD, JFK)', 'Fly(P1, ORD, JFK)', 'Fly(P2, JFK, ATL)', 'Fly(P1, JFK, ATL)', 'Load(C4, P2, ATL)', 'Fly(P2, ATL, SFO)', 'Fly(P1, ATL, SFO)', 'Load(C1, P2, SFO)', 'Fly(P1, SFO, ORD)', 'Unload(C4, P2, SFO)', 'Fly(P2, SFO, JFK)', 'Fly(P1, ORD, JFK)', 'Fly(P2, JFK, ORD)', 'Fly(P1, JFK, ATL)', 'Fly(P2, ORD, ATL)', 'Load(C2, P2, ATL)', 'Fly(P2, ATL, SFO)', 'Fly(P1, ATL, SFO)', 'Fly(P2, SFO, ORD)', 'Fly(P1, SFO, ORD)', 'Fly(P2, ORD, JFK)', 'Fly(P1, ORD, JFK)', 'Unload(C1, P2, JFK)', 'Fly(P1, JFK, SFO)', 'Fly(P2, JFK, ORD)', 'Fly(P1, SFO, ORD)', 'Fly(P2, ORD, SFO)', 'Fly(P1, ORD, ATL)', 'Fly(P2, SFO, ATL)', 'Unload(C2, P2, ATL)', 'Fly(P1, ATL, SFO)', 'Fly(P2, ATL, ORD)', 'Fly(P1, SFO, ORD)', 'Fly(P2, ORD, SFO)', 'Load(C3, P1, ORD)', 'Fly(P2, SFO, JFK)', 'Fly(P1, ORD, SFO)', 'Fly(P2, JFK, ORD)', 'Fly(P1, SFO, JFK)', 'Fly(P2, ORD, ATL)', 'Unload(C3, P1, JFK)', 'Fly(P1, JFK, SFO)', 'Fly(P2, ATL, SFO)', 'Fly(P1, SFO, ORD)', 'Fly(P2, SFO, ORD)', 'Fly(P1, ORD, ATL)', 'Fly(P2, ORD, JFK)', 'Load(C3, P2, JFK)', 'Fly(P2, JFK, SFO)', 'Fly(P1, ATL, SFO)', 'Fly(P2, SFO, ATL)', 'Fly(P1, SFO, ORD)', 'Load(C2, P2, ATL)', 'Fly(P1, ORD, JFK)', 'Fly(P2, ATL, SFO)', 'Fly(P1, JFK, SFO)', 'Fly(P2, SFO, JFK)', 'Fly(P1, SFO, ATL)', 'Unload(C3, P2, JFK)', 'Fly(P2, JFK, SFO)', 'Fly(P1, ATL, ORD)', 'Unload(C2, P2, SFO)']",0.9592850049652433,"depth_first_graph
"
14,67.90491972799646,17513,17515,153613,,12,Air Cargo Problem 3,uniform_cost_search,"['Load(C1, P1, SFO)', 'Load(C2, P2, JFK)', 'Fly(P1, SFO, ATL)', 'Load(C3, P1, ATL)', 'Fly(P2, JFK, ORD)', 'Load(C4, P2, ORD)', 'Fly(P1, ATL, JFK)', 'Fly(P2, ORD, SFO)', 'Unload(C1, P1, JFK)', 'Unload(C2, P2, SFO)', 'Unload(C3, P1, JFK)', 'Unload(C4, P2, SFO)']",0.0,"uniform_cost
"
15,65.20480386499548,17513,17515,153613,h_1,12,Air Cargo Problem 3,astar_search,"['Load(C1, P1, SFO)', 'Load(C2, P2, JFK)', 'Fly(P1, SFO, ATL)', 'Load(C3, P1, ATL)', 'Fly(P2, JFK, ORD)', 'Load(C4, P2, ORD)', 'Fly(P1, ATL, JFK)', 'Fly(P2, ORD, SFO)', 'Unload(C1, P1, JFK)', 'Unload(C2, P2, SFO)', 'Unload(C3, P1, JFK)', 'Unload(C4, P2, SFO)']",0.0,"astar
h_1"
16,20.43985701701604,5022,5024,44764,h_ignore_preconditions,12,Air Cargo Problem 3,astar_search,"['Load(C1, P1, SFO)', 'Fly(P1, SFO, ATL)', 'Load(C3, P1, ATL)', 'Fly(P1, ATL, JFK)', 'Unload(C1, P1, JFK)', 'Load(C2, P2, JFK)', 'Fly(P2, JFK, ORD)', 'Load(C4, P2, ORD)', 'Fly(P2, ORD, SFO)', 'Unload(C2, P2, SFO)', 'Unload(C3, P1, JFK)', 'Unload(C4, P2, SFO)']",0.0,"astar
h_ignore_preconditions"
17,294.61153560498497,312,314,2875,h_pg_levelsum,12,Air Cargo Problem 3,astar_search,"['Load(C1, P1, SFO)', 'Fly(P1, SFO, ATL)', 'Load(C3, P1, ATL)', 'Fly(P1, ATL, JFK)', 'Load(C2, P2, JFK)', 'Fly(P2, JFK, ORD)', 'Load(C4, P2, ORD)', 'Fly(P2, ORD, SFO)', 'Unload(C1, P1, JFK)', 'Unload(C2, P2, SFO)', 'Unload(C3, P1, JFK)', 'Unload(C4, P2, SFO)']",0.0,"astar
h_pg_levelsum"
